barcode,reads,mean alignment
A,2,0.16666666666666666
AA,1,0.16666666666666666
AACA,1,0.16666666666666666
AACAC,1,0.16666666666666666
AAG,1,0.16666666666666666
AAGA,13,0.32051282051282054
AAGTCC,1,0.16666666666666666
AC,2,0.16666666666666666
ACCCGGAGCGTAAGGTTTGTGACACGCAT,1,0.4166666666666667
ACCCGGG,3,0.3333333333333333
ACCGGG,1,0.5
ACN,2,0.16666666666666666
ACNCGGG,1,0.3333333333333333
ACTGCATAAA,1,0.4166666666666667
ACTGCATAAACCGTGNT,1,0.5
ACTGCATAAAGAACAGACATGCCCAAGA,1,0.4166666666666667
ACTGCATAAAGACCTTGCGTGAAGGACAT,1,0.5
AG,1,0.25
AGA,2,0.25
AGATAGAGAAGCGAAATTAAGGTA,1,0.3333333333333333
AGATAGAGAAGCGAAATTAAGGTAGCATG,24,0.3333333333333333
AGATCTACA,1,0.3333333333333333
AGCGTAGCAA,1,0.4166666666666667
AGCGTAGCAAACGAGCAAGGTCAATGCCC,1,0.5
AGCGTAGCAACGGTAAATCGGATGCCCAA,1,0.4166666666666667
AGCGTAGCAATCTCGATGCCCAA,1,0.5
AGCGTAGCACGCTTCGATCCTGATGCCNA,1,0.3333333333333333
AGGAGTCAACAAGTTTATGGAGTACATGC,1,0.3333333333333333
AGGAGTCAACTTGGATAGTAGATGCCCAA,1,0.3333333333333333
AGGAGTCCAACTTAGNT,1,0.5
AGGAGTCCAATGCCCAAGAAGAAGAGGAA,1,0.4166666666666667
AGGAGTCCACAGATACGCGAACAGATGCC,1,0.3333333333333333
AGGAGTCCATTTCCATTTCCACANNNNNN,1,0.5
AGGATCCAACCTCTTTTTAACCAGATGCC,4,0.5
AGNTGNCCAA,1,0.4166666666666667
AGTAGTCNAA,1,0.25
ANA,1,0.4166666666666667
ANGCCNAAGA,1,0.16666666666666666
ATAA,1,0.16666666666666666
ATATCCTTAACCACCTTACCACGATGCCC,1,0.4166666666666667
ATGC,1,0.25
C,3,0.19444444444444445
CA,1,0.16666666666666666
CAA,4,0.16666666666666666
CAAG,2,0.16666666666666666
CAAGA,4,0.3125
CAC,1,0.16666666666666666
CATGCCTAAA,1,0.4166666666666667
CATGCCTAAATTACAAAACCGATGCCCAA,1,0.4166666666666667
CCC,4,0.25
CCCG,3,0.25
CCCGG,110,0.25
CCCGGA,3,0.2777777777777778
CCCGGAGCGTAAGA,1,0.25
CCCGGAGTAAGGAGAATGCCCAAGAAGAA,1,0.5
CCCGGATGAAACTTAATGCCCAAGAAGAA,1,0.5
CCCGGGANGCCC,2,0.25
CCCGGGANGCCCAA,1,0.25
CCCGGGATGCCCA,1,0.25
CCCGGGATGCCCAA,11,0.25
CCCGGGATNCCCAA,1,0.25
CCCGGGNNNCCCAA,1,0.16666666666666666
CCCGGGNTGCCAAGAA,1,0.25
CCCGGGNTGCCCAAGA,1,0.25
CCCGGN,18,0.3333333333333333
CCCGGNANGCCCAAGA,1,0.25
CCCGGNATGCCCAA,2,0.25
CCCGGNATGCCCAAGA,3,0.25
CCCGNG,22,0.3333333333333333
CCCGNGANGCCCAAGA,1,0.25
CCCGNGATGCCCAA,1,0.25
CCCGNGATGCCCAAGA,1,0.25
CCCGTG,1,0.3333333333333333
CCCNG,1,0.25
CCCNGGNTGCCCAAGA,1,0.25
CCCNNG,1,0.3333333333333333
CCCNNGATNNCCAAGA,1,0.25
CCGGG,1,0.4166666666666667
CCNGG,2,0.25
CCNGGGNNGCCCAA,1,0.25
CCNGGN,2,0.3333333333333333
CCNGGNATNCCNAA,1,0.25
CCTG,1,0.4166666666666667
CGCGGA,4,0.25
CNAAG,1,0.16666666666666666
CNATANCNAA,1,0.25
CNCGG,3,0.25
CNCGGGATGCCC,1,0.25
CNCGGGNNGCNCAA,1,0.25
CNCGGN,1,0.3333333333333333
CNCGNG,1,0.3333333333333333
CNCNTCNNCACTCGCCNGGTTAAANGNGC,1,0.4166666666666667
CNNGGN,1,0.3333333333333333
CNNNG,2,0.25
CNNNNG,1,0.3333333333333333
CTCTCTATAATTCGTT,1,0.5
CTCTT,1,0.3333333333333333
G,2,0.20833333333333334
GA,17,0.3235294117647059
GAAGGAGTCAAGGGTTAGTTTAAAGGTTA,1,0.5
GACCCGGG,4,0.3333333333333333
GACTAGTACAATACACTTCTCGAAGTCAA,1,0.5
GATACAG,1,0.3333333333333333
GATAGAGAAGCGAAATTAAGGTAACATGC,1,0.4166666666666667
GCATGCCCAAGA,1,0.3333333333333333
GCGTAAGAAA,2,0.4166666666666667
GCGTAAGAAAAACAGATGCCCAA,1,0.5
GCGTAAGAAAGCCCCACCTATGCCCAAGA,2,0.4166666666666667
GCGTAAGAAATCATCGATGCCCAAGAAGA,1,0.5
GCTCAGGAAACACAATGCGAGATGCCCAA,1,0.5
GCTCAGGAAACGCCTTTACATGCCCAAGA,1,0.5
GCTCAGGAAAGGATCATGCCCAAGA,3,0.5
GCTCAGGAAAGTTCTCCACAAGCGGTT,1,0.4583333333333333
GCTCAGGAAATAATAGTCATGCCCAAGA,1,0.4166666666666667
GGAACGCTAAGGGTCTTCTGGAA,1,0.4166666666666667
GGACTAGTAACGAAGTTCCAAATGGGG,1,0.4583333333333333
GGAGCTCGGAAATCGTATTTCAAAATCCC,1,0.5
GGATAGTACGAACTCCTTGCCGAACCTAG,1,0.5
GGGACCCGGACTCTCTATATGAAACGGTC,1,0.5
GGGACCCGGATCGCCTTAAAGCAAAGAAG,1,0.5
GGGANCCGGG,1,0.3333333333333333
GGTTCGCAAGA,1,0.25
GNTATCCTTANGCTCTNNNGGCAAGTNNN,1,0.5
GTAAGGAGAACTACAT,1,0.5
GTAAGGAGNAATAGCTTCCGATGCCCAAG,1,0.5
GTAGAGAGAACCTAACGGGATGCCCAAGA,1,0.4166666666666667
GTCAGGAAAATTGATCTTATGCCCAAGA,1,0.4166666666666667
NCA,2,0.16666666666666666
NCC,1,0.25
NCCGG,2,0.25
NCCGGG,15,0.4166666666666667
NCCGGN,1,0.4166666666666667
NCCGNG,1,0.4166666666666667
NCCGNN,1,0.4166666666666667
NCCNGG,1,0.4166666666666667
NGATNGCNAGTGTTTTTNCNGTAACNGNC,1,0.5
NGCCCAAAA,1,0.3333333333333333
NGCCCAAGA,17,0.3333333333333333
NGNTGNCNAAT,1,0.4166666666666667
NNCCCAA,1,0.25
NTA,1,0.16666666666666666
T,2,0.25
TAGATCGCAA,1,0.4166666666666667
TAGATCGCAAACAGNNT,1,0.5
TAGATCGCAATTGTCTNNNNNNNNNNNNN,1,0.5
TATCCTNTNNTGCCTTTGNGGCANNGNCN,1,0.4166666666666667
TCAAG,1,0.16666666666666666
TCGCCTTAAAACTAAGCGGCATGCCCAAG,2,0.4166666666666667
TCGCCTTAAAAGCTGAAANCCACATGCCC,1,0.4166666666666667
TCGCCTTAAACGCCNNT,1,0.5
TCTCAC,1,0.3333333333333333
TCTTTCC,1,0.3333333333333333
TG,1,0.25
TGCA,1,0.16666666666666666
TGCC,1,0.16666666666666666
TGCCC,2,0.25
TGCCCAA,1,0.25
TGCCCAAAA,1,0.3333333333333333
TGCCCAAGA,9285,0.3333153832346078
TGCCCAAGAA,1,0.4166666666666667
TGCCCAANA,16,0.3333333333333333
TGCCCANGA,6,0.3333333333333333
TGCCCANNA,1,0.3333333333333333
TGCCCNAGA,1,0.3333333333333333
TGCCNAA,1,0.25
TGCCNAAGA,3,0.3333333333333333
TGCNCAAGA,24,0.3333333333333333
TGNCCA,1,0.25
TGNCCAAGA,16,0.3333333333333333
TNAANANTA,1,0.16666666666666666
TNCCCAA,1,0.25
TNCCCAAGA,14,0.32142857142857145
TNCTGNNTAA,1,0.25
TTC,1,0.16666666666666666
TTCGATCTAATGAGGTTCGCAAGA,1,0.3333333333333333
TTCGCAAGAACCTGCTT,1,0.3333333333333333
TTCTGCCTAA,23,0.4166666666666667
TTCTGCCTAAGTCGANT,1,0.5
TTCTGCCTAAGTCGNNT,3,0.5
TTCTGCCTAATCTTNNT,1,0.5
TTCTGCCTAATCTTTNNNNNNNNNNNNNN,1,0.4166666666666667
TTCTGCCTAATCTTTNT,1,0.5
TTCTGCCTAATCTTTTNNNNNNNNNNNNN,3,0.5
TTCTGCNTAATCTTTTNNNNNNNNNNNNN,1,0.5
TTCTGCNTANTNTTTTNCCANCAAATNGC,1,0.5
TTCTGNNTAATNTT,1,0.4166666666666667
TTCTNNCTAA,1,0.4166666666666667
TTNNNTNAAANTG,1,0.3333333333333333
TTNTNNCTANTNTTTTTCC,1,0.4166666666666667
TTTCC,1,0.16666666666666666
TTTCCCTA,1,0.4166666666666667
TTTNCCTA,1,0.25
