target,barcode,reads
Spike,AATCTTTTTCCATCAAATTGC,2217
Lkb1,AACTGTGTT,2
Cdkn2a,AAGGAGGTT,5
Rb1,AACAGCATTCTTACAATAACG,6
Setd2,AAGGCGATT,1
Rb1,AATAATCTT,2
p53,AATTACATTTTCGTAA,1
Neo1,AATGCCGTT,3
Lkb1,AACTGTGTTGCTACAAGAAGG,890
Lkb1,AATCACCTTGCTTGAACTACA,1730
Rb1,AACACCGTT,2
Lkb1,AACCAACTTGATCAAACGGTG,2
Lkb1,AAGCAACTT,1
Rb1,AATACGCTT,5
Rb1,AATACGCTTCACGTAATGGGG,1207
Spike,AATCTTTTT,3
Rb1,AACGCCCTTCTGGCAAAACGT,1
Rb1,AAGCTCCTTCANCCAAAGGGC,1
Lkb1,AAGTATTTT,2
Lkb1,AATCACCTT,3
Smad4,AATTGTTTTCGGTAAAGACGT,868
Rb1,AAATGCCTT,5
p53,AAGTATCTTGACTTAATGGTG,326
Lkb1,AACTGTGTTGCTACAANAAGG,3
Neo2,AAGCCGATTGGTTTAATTACC,2
Cdkn2a,AAGGAGGTTGTGGAAACGCAT,1264
Spike,AAGTTTGTTTCGGGAA,1
Cdkn2a,AAANAATTTCTCTGAAAATAA,9
Neo3,AACGTTCTTGCCTTAAGGTGG,1
Unknown Target,AATTCTGTTGTGATAACCGCN,1
Cdkn2a,AAAGAATTTCTCTNA,2
Lkb1,AAGTATTTTACACCAANGCTC,5
Neo2,AAGTTCGTTTTTCAAAGTCAC,1
Cdkn2a,AAAGAATTT,3
Neo1,AATGCCGTTTAATGAACTTTA,104
Lkb1,AAGTATTTTACACCAACGCTC,911
Smad4,AATTGTATTAAACAGAACAGCC,1
Lkb1,AATCACCTTGCTTGAANTACA,4
Lkb1,AACTGTGTTGCTACAAGNAGG,1
Neo3,AATGAAGTT,1
Cdkn2a,AAAGAATNTCNCNGAAAATAA,1
Spike,AACGCCGTTCTAGGAATTTCA,205
Atm,AAGACGGTTGGAGCAAGCTTC,1
Lkb1,AACGCTGTTGCAGGAATCCGC,2
Lkb1,ANTCACCTTGCTTGAACTACA,4
Neo3,AATTCTTTTGTCCCAATTTTT,1
Rb1,AAATGCCTTC,177
Neo1,AATTTCATTGTGAGAACGTTG,1
Cdkn2a,AAAGAATTTCTCTGAAAATAA,804
Apc,AAGCTCGTTTGACGAAGTCCA,2
Rbm10,AACTCGGTTAGAACAACCGTC,1
Cdkn2a,AAGCTGGTTCAGAAAACAAAT,23
Rb1,AACACTTTTCAGGAAAAGTTG,108
Rb1,AATAATCTTTGAAGAACACTG,158
Lkb1,NAGTATTTTACACCAACGCTC,3
Lkb1,AACTGTGTTGCTACAAGAAGN,5
Lkb1,AAGTATCTTACACCAACGCTC,1
Cdkn2a,NAGGAGGTTGTGGAAACGCAT,4
Lkb1,AAGCGAGTTACTGGAAACGGG,1
Spike,NATCTTTTTCCATCAAATTGC,2
p53,AAAGACATTTCGACAAGGATG,32
Spike,AAGTCGATTTGGTAAACACCC,256
Neo2,AAAGACCTTTTGCGAACCAGC,2
Rb1,AAACNNTTGGAAAACAT,1
Rbm10,AAAACCTTTAGACTAATCTAC,2
NT1,AATTGTATTTACGCAATCAGC,1
NT1,AAGCAGATTCGCAGAATCTAG,1
Apc,AACCGGGTTGATCCAAGTTAA,5
Apc,AAACGCTTTTGGGGAAGCGAA,1
Lkb1,AACTGTTTTTACCCATC,1
Lkb1,AATCNCCTTGCTTGAACTACA,10
Spike,AAGTTTGTTTCGGGAATGCAG,125
Neo1,AAGTAAATTTTTTAAACAAAT,1
NT1,AATAATTTTTTCTAAACTGTT,1
Lkb1,AACTGTGTTGCTACGAGAAGG,1
Rb1,AACTCGTGATGCAACGGTG,1
Rb1,AAGTTTTTTCCCGGAACAAAC,34
p53,AAAGTACTTTGCTCAAAAGCG,1
Unknown Target,AATCTTTTTCCATCAAATTGC,6
Smad4,AACCGCATTGCTGCAATCTAG,3
Neo3,AAAATCTTTCTTCTAAACCAG,3
Lkb1,AACGTTGTT,1
Smad4,AAGTTTCTTAGTCCAAGCTGC,1
Apc,AATTAGTTTCGGTGAAACGTA,1
Rb1,AAGGAGCTTCACACAAGGGCC,46
Spike,AATCNTTTTCCATCAAATTGC,5
Unknown Target,AAGTATTTTACACCAACGCTC,6
Keap1,NAATGANTTAGGGGAATGACA,1
Keap1,AACCGTGTTCTGTTAACTACC,1
Unknown Target,AAGGAGGTTGTGGAAACGCAT,2
Lkb1,AATNACCTTNNTTGNANTACA,1
Cdkn2a,AATTTCCTTTATGCAAACGCC,11
Neo1,AAAGCTTTTGGCGCAAGGCAG,1
Setd2,AACCGTCTTCTGGAAATTCGT,2
Smad4,AAGTTCATTGTGCCAACCCAG,1
Smad4,AAGCCTCTTGTCGCAAGGTTG,1
Smad4,AAGCGGTTTTGTGAAAAACTA,1
Neo1,AAAGTATTTATAGTAAAGGCG,1
Lkb1,ANGGTGGTTGAGATAAGCCTT,1
Lkb1,AAGCCGCTTTATAAAATATCG,1
Spike,AATCTTTTTCCANCAAANTGC,1
Smad4,AANTGTTTTCNGTAAAGACGT,1
NT1,AAATTCATTCTTACAACTCCT,1
NT1,AAAGAACTTNCCATAAAGACN,1
Spike,AATCTTTTTCNATCAANTTGC,1
Arid1a,AAGCTCGTTGCCTTAACCACC,2
Apc,AAGGGCGTTCCCCTAAAATTC,1
Cdkn2a,AAGGAGGTCGTGGAAACGCAT,1
Setd2,AAGCATGTTTGTGAAATACGT,1
Apc,AAAGCCATTCGAAAAATAGTC,1
Keap1,AAACACATTTGGGGAATCTTC,1
Lkb1,AATCACCNTNCTTGAACTNNA,1
Neo3,AAGGAGATTCAAAAAACGTCG,2
Atm,AAGACACTTCCGGAAATGAGC,1
Neo1,AATATGTTTCCTGAAAACAAA,1
Rb1,AATTTTGTTGCTGAAAACAGC,9
Apc,AANTCTCTTNATTAAATNACC,1
Neo1,AAAAGAGTTCCTTGAATTGTG,1
Cdkn2a,AAGGNGGTTGTGGAAACGCAT,1
Apc,AATCCCGTTGGGGGAATGTTA,1
Atm,AACCTACTTGGGACAACCACGA,7
Setd2,AAGCACTTGAGATAACCAAC,1
Rbm10,AAATCCGTTCCCCGAAGTGGC,1
Neo2,AACTCCCTTGATTGAATTAAT,13
Smad4,AACTTTCTTGTCAAAACCGGG,1
Rb1,AATCGTATTCCCTTAACGTCC,1
Rb1,AAACGCTTTGCGTCAAGGGCG,1
Lkb1,AANCNCCTTNCNTGAACTNCN,1
Setd2,AAACGTATTGGTGTAATCATT,1
p53,AATATATTTATCATAAGAATT,1
Neo1,AAGAGATTTCGCTGAACTCTT,2
Apc,AACACGGTTGATNCAAATCGT,1
Keap1,AACCCGCTTTGGGGAACGGCA,1
Unknown Target,ANTACGCTTCACGTANTGGGG,1
Setd2,AAACACATTTGAGTAACAGCG,1
Lkb1,AAGTATTTTACGCCAACGCTC,2
Cdkn2a,AACCGACTTGGAGGAAGGGCG,4
Neo1,AACACGCTTGCGTCAAAGAAT,1
Neo2,AAGATGCTTAAACGAAGACTC,1
Unknown Target,AAAAATTTATCCTCAAGAGTG,1
Atm,AACGGGGTTAAGAGAATTATA,1
Setd2,AATACGCTTGGCGAAACTGTA,1
Keap1,AAAAAAGTTACCTCAAATGGT,1
Unknown Target,AANTGNTTTTNTNTGAANCCAN,1
Neo3,AAGGCGTTTTCTAAAACCTAC,1
Lkb1,AAGTATTTTACACCAACNCTC,3
Rb1,AATACNCTTNACGTAATGGGG,1
Cdkn2a,AAACAGTTTGGTTTAACGATC,1
Smad4,AANTGTTTTCGGTAAAGACGT,4
Spike,AATCTTTTTCCATCAANTTGC,3
Smad4,AATTGTTTTNGNTAAAGACGT,2
Setd2,AAGCCACTTCTGAGAAAGGT,1
Unknown Target,AATTGTTTTCGGTAAAGACGT,4
Unknown Target,CTTTCTGCAACTCCG,1
Lkb1,AACTGTGTTGCTACNAGAAGG,1
Apc,AACAACGTTGCATCAATGGCA,1
Apc,AACACCTTTTCCGGAATTATT,1
Smad4,AACTTTTTTCCCTGAATGACA,1
Rb1,AAAGGATTTGGGCCAAGGCAG,1
Neo1,AAGGAAGTTCATTCAAATAAA,1
Apc,AAGGTTGTTCTTTCAAGCCCT,1
Arid1a,AAGGCTCTTCGAGTAACTCAC,5
Spike,ANTCTTTTTCCATCAANTTGC,1
NT1,AAATTGTTTGCTGTAATAGGC,1
Neo3,AATAGTGTTGGAGCAAGAGTA,1
Atm,AATGAAGTTATGGCAAGGACT,1
Neo1,AAGGAACTTCGATGAAAGCCG,1
Cdkn2a,AAGGAGGTTGTNGAAACGCAT,4
Lkb1,AAGTTAGTTTCGCCAAGATAC,2
Rb1,AATGGCGTTAGGTTAATAATC,1
Atm,AAGTTCATTCGGCAAATGATG,5
Lkb1,AAACTGATTTTGACAAGCTAC,1
Smad4,AATAGAGTTGATCGAATAATA,1
Apc,AAACTAATTTACGTAACGGAA,1
Rb1,AACACCGTTATGGCAAGGCGG,27
Apc,AAGATCCTTCTAAGAACGCTG,1
Rb1,AACGCTCTTTGGTCAAACGCG,2
Neo3,AACACGGTTCTTTTAACTCCT,1
Atm,AACATGATTTCGACAATCGAT,1
Smad4,AAGCCTGTTCGCCGAATTGCC,1
Spike,AAACAAGTTGGGATAAGCCAC,13
Spike,AATCTTTTTCCATNAAATTGN,1
Cdkn2a,AAGCAACTTGCCACAACTGGC,12
NT1,AATAATGTTCGCATAAGCGTG,1
Arid1a,ATGGTAGAACGAGG,1
NT1,AATCGACTTGGTTGAATTTAG,1
Cdkn2a,AATCTCTTTGGATGAAGGAAG,1
Lkb1,AACTGTGTTNCTACAAGAAGG,7
Cdkn2a,AACACTCTTGTGCGAAGTGGA,1
p53,AAAGAAGTTCTCAGAACGGCC,1
Smad4,AATCGCCTTGTGTGGAAGGCTC,1
Lkb1,AAGCAGGTTTTTTTAACGAAC,2
Unknown Target,AACTTCTTAGAATAACGCGT,1
Rb1,AAGCTCCTTCAACCAAAGGGC,36
Apc,AATCCACTTGTGGGAACTACG,1
Smad4,AACACTTTTACCACAAAGGGT,1
Rb1,AATAATCTTTGAAGAGCACTG,1
Lkb1,AACGTTGTTGACTCCAAGAAG,14
Atm,AATTCCCTTGTCCAAACAAAG,1
Smad4,AATTGTTTTCGGTAAAAACGT,2
Smad4,NATTGTTTTCGGTAAAGACGT,1
Rb1,AAGCGCATTGCTGGAATCGTG,3
Rb1,AATTATGTTAACAAAAGGACA,13
Setd2,AATGTGTTTCGGAAAATAGGA,1
Smad4,AATTGTTTTCGGTAANGACGT,1
Atm,AAGCGTCTTTCATCAATCGCT,1
Unknown Target,AANTANTTTACACCAACGCTC,1
Rb1,AATACGCTTCACGTAATGGNG,4
Atm,AAGTGGCTTGTGGGAAAGGTT,1
Rb1,AAGACCTTTAGGTTAATGTAA,1
Keap1,AACCCTATTCGCACAAGTGCT,3
p53,AACTGCGTTGGACTAATCCTG,1
Neo3,AACCCGCTTCGGACAATGAGT,2
Lkb1,AATGATCTTATTGGAATGGTC,1
Lkb1,NACTGTNTTGCTACNAGAAGG,1
Smad4,AATTATGTTTACCGAAGAAGT,1
Unknown Target,AATTGTTTTCGGTAAAGACGN,1
Neo1,AAACAAATTCTGAAAATTGAA,67
Arid1a,AATACCTTTACCGAAATACAA,1
Neo1,AATTGTTTTCGGTAAAGACGT,4
Neo1,AAGGCCGTTTATTTAATAAGA,1
Neo2,AAAAGCATTCCGTGAAAGGAA,4
Spike,ANTCTTTTTCCNTCAAATTGC,1
Smad4,AAAGCGGTTACCGGAAGGCAG,1
Unknown Target,AAATACATTGTATTAAGTTCC,1
Smad4,AACGACTTTTGGCCAATGTGG,1
Cdkn2a,AAGGAGGTTNTGGAAACGCAT,3
Rb1,AAGTTCTTTCCCGGAACAAAC,1
Neo1,AATTGTCTTCGCGGAATTGAC,1
Lkb1,AATCACCTTGCTTGGACTACA,5
Lkb1,AANTGTNTTGCTACAAGAAGG,2
Neo2,AACGTTGTTACACTAAGACTT,1
Rb1,AACGAAATTCGCTCAATCCCT,1
Apc,AAGCGGGTTCATGGAAAAGAG,1
Apc,AATATCGTTTAACAAACAGTC,1
Smad4,AATTGTTTTNGGTAAAGACGN,1
p53,AATCGGATTGTACGAACGGCG,1
Atm,AATTACTTTATCGTAAGCCAG,2
Lkb1,AAAGTTTTTAAGGAAAGTATA,1
Cdkn2a,AAGGTGGTTGCCCCAACTGCG,4
Apc,AACAGGCTTGATCAAATCGGC,5
Rb1,AANANTTTNNAGGAAAAGTNG,1
Arid1a,AAGAGACTTGTATTAACACCG,1
Unknown Target,AANGANTTTCTCNGAAAATAA,1
Lkb1,AATTACTTTGTTGAAATCGTT,1
Rb1,AANACTTTTNAGGAAAAGTTG,1
Unknown Target,AAGGGAATTTAATCAACGCAG,1
Smad4,AATTGTTTTCGNTAAAGACGN,1
Rb1,AACCTCATTCGAGGAACCTCG,28
Keap1,AAGGTACTTCAAGTAAGTGGT,1
Lkb1,AATCGCCTTGCTTGAACTACA,2
Cdkn2a,AAAGAATTTCTCTGAAAATAG,2
Lkb1,AACTGTNTTGCTACAAGAAGG,6
Smad4,AAGATATTTGGCAGAATCGCA,2
Lkb1,AAATCATTTGGCTTAAGAGGC,1
p53,AAGTGGGTTCATCCAACATTT,1
Apc,AGGGGCGTTGCCGGAAGAGTT,25
Setd2,AATCGTTTTATTAGAAGCTCA,1
Neo3,AAAACGATTGCAGAAAATCAA,1
Spike,AATCTTTTTCCATCAAATNGC,4
Cdkn2a,NAGNAGGTTGTGGAAACGCAT,1
Cdkn2a,AANGAATTTCTCTGAAAATAA,3
p53,AAGTATCTTNNCTTAATGGTG,1
Cdkn2a,AANGAGGTTGTGGAAACGCAT,4
Neo3,AAGGTTGAATATAA,8
Spike,AATCTTTTTCCATCA,2
Rbm10,AACCGGATTACCTGAAATGCA,2
Rbm10,AATCGCCTTGTCGGAACATCC,1
Neo3,AATGTGCTTAACCGAACCGTG,2
Apc,AATAATTTTCATCTAACGGTG,3
Spike,GTCGATTTGGTAAACACCC,1
NT1,AATATGCTTTGTGGAACGCTG,1
NT1,AAATTGCTTGCTGTAATAGGC,32
Unknown Target,CAAACAAAG,1
Smad4,AATACCTTCACAGAAACGCT,1
p53,AAGCTTTTTGGTCGAAGTGGG,1
Smad4,AACTATATTTAAGGAATCAAT,1
Keap1,AACGCGATTACAACAACTACG,1
Lkb1,AATTCCGTTGACTGAAGGAAG,1
p53,AAGGGGTTTAATCTAAGCTTC,7
Rb1,AATACGCTTNACGTGATGGGG,1
Rbm10,AAGCTCGTTTCAGCAATCGTC,1
Neo1,AAGGACGTTAGGTGAAACGGT,1
p53,AAAGACATTTCGACAAGGANG,1
Neo3,AAATATTTTGGTTTAATTAGT,1
Rb1,AAGAAGGTTGCTACAACTGGC,1
Smad4,AAGACTTGAACGAAGTACT,1
Spike,ANTNTTTTTCCATNAAATNGC,1
Neo2,AATAGGCTTGCCCCAATCAGC,1
Rbm10,AACTAACTTCCCAGAAGTTCA,1
Atm,AAATCGATTGGAGCAAGCAGG,1
NT1,AAGATTCTTGTTCCAAGCTTC,1
Cdkn2a,AACCGGTTTCTAGCAATAATA,1
Apc,ACTCACGTTGCATAAANGCAC,1
Apc,AAGCGCATTGCACGAAGGATG,1
NT1,AACATTATTTGGCGAAGAAAA,1
Rb1,AATACGCTTCACGNAATGGGG,1
Keap1,AATCCTTTTCCCTAAATTCTA,2
Arid1a,AAGCGGCTTTGCGAAATCACG,4
Rb1,AAGCAATTTAGGTCAAAAGGT,1
Lkb1,AACTGTGTTGCTACAAGACGT,1
Lkb1,AATCACCCTGCTTGAACTACA,4
Neo2,AACCTTATTTGTCCAAGCGCC,1
Lkb1,AAAATACTTTTCATAACCGCC,1
Rb1,AAATTTTTTGTTCTAAGAAGG,1
Apc,AACTACTTTTAGATAACGTGG,1
Rb1,AACACCGTTATGGCAAGNCGG,1
Cdkn2a,AAGGAGGTNGTGGAAACGCAT,1
Lkb1,AATCACCTTGCTTGAGCTACA,1
Rb1,AACCGGCTCAGTGGAAACCAC,11
Neo2,AACCAATTTATGCGAACGTCG,1
p53,AAGATTGTTACAAGAACTGGC,1
Rb1,AATAATCTTTGAAGAACANTG,1
Rb1,AATNCGCTTCACGTAATGGGG,7
Unknown Target,AAAGAATTTNTCTGAAAATAA,1
Lkb1,AAATTGGTTAGCAAAACTGAT,1
Keap1,AAGGCGATTGTCTTAAACACT,11
p53,AATCCATTTATTCCAAGAGGG,1
Unknown Target,ATGAGCTTGCTTTAAACTAGA,1
Lkb1,AAAGGTTTTAGGGAAAATAGT,1
Spike,AATCTTTTTCTATCAAATTGC,1
Rbm10,AACTCCTTCGCTCAAGGGAC,2
p53,AAGTNTCTTGACTTAATGGTG,1
Rb1,AANAGCATTNTTACAATAACG,1
Cdkn2a,AACACGGTTCGTACAAAGGAG,1
Rbm10,AAGCGTTTTCACCGAAGAGTG,1
Spike,AAGCTAATTGACGAAAGGCCT,12
Neo3,AATGCACTTCTGCTAACGGTT,1
Cdkn2a,AAGGAGGTTGTGGAAACGCAN,2
NT1,AAAGGAGTTTGCGCAATGGTT,1
p53,AACGTGCTTGATACAAGAAGT,2
Smad4,AACCATATTCCCAAAAGGNGC,1
Unknown Target,AATGGGTTTTACGAAATGGGG,1
Lkb1,AAACTATTTGGCCCAATACCG,1
Spike,AATCTTTTTCCATCAAANTGC,7
Rb1,AAACTCATTTTCTCAATACGG,1
Rb1,AAGAATTTTCACGTAAGGATA,1
Lkb1,AATCACCTTGCTTGAACNACA,4
Neo2,AAAAGAGTTATTACAACACAT,2
Rb1,AACGCGCTTATGCGAATCCCT,3
NT1,AATCAAATTCCTCCAACGGTG,1
p53,AATGGTTTTAGATTAACTAGC,1
Lkb1,ANNCACCTTGCTTGAACTACA,1
Unknown Target,ANGGNGGTTNNGGAAACNCAT,1
Cdkn2a,AAAGNNTTTCTCTGAAAATAA,1
Keap1,AAGGCGGTTCCGGTAATTAAT,1
Cdkn2a,AATGCAGTTTGACCAAGTGCG,2
Setd2,AAGCGACTTCAGTCAATGACA,1
Atm,AATTGCATTATACAAATTCAA,1
Spike,AAATTCCTTGGCGCAATTACA,9
Rb1,AACGCCGTTGGAATAATCCTG,1
Cdkn2a,AAGGAGGTTGTGGAAACGNAT,4
Neo2,AACAAAATTAGAGGAACCCTC,2
Lkb1,AATCCTCTTTCAGAAAGTGAG,1
Spike,NANCTTTTTCCNTNAAANTGN,1
Rb1,AATAAAGTTGTTTTAACCCGG,4
Spike,AAGTCGNTTTGGNAANCACCC,1
Neo3,AAACCCGTTCGACGAAGGTGC,1
Neo2,AAACTGCTTCGCATGCCC,1
p53,AAATCTTTTATCTGAACAGAC,1
Neo1,AACCGTTTTGTTCTAACGAAC,1
Lkb1,AANCACCTTNCTTGAACTACA,1
Cdkn2a,AATTAACTTACGCAAAGGAGG,1
Lkb1,AACGTAATTCTCGCAATCAGA,1
Apc,AAGACATTTCCGGCAAGTATN,1
NT1,AAGCTGCTTCACTGAACTACT,1
Rb1,AGCCTCATTCGAGGAACCTCG,2
Neo3,AAAGGCATTATGGGAACGACC,2
Lkb1,AAGTATTTTACACCAACGCAT,3
Unknown Target,ACCTGTTTGCCACAACTTTC,1
Lkb1,AAATCNCCNTGNTTNAACNANA,1
Atm,AACCCGGTTGTTTGAATCGTG,1
Rb1,ANCCGCGTTCCCCCANTCATC,1
Keap1,AATCGTATTCGCACAAGCAGC,3
Setd2,AACCGTCTTCGTGGAACTCGT,1
Cdkn2a,AAAAAATTTATTCAAATTGTG,1
Setd2,AACTTATTTTAATCAAGCGTG,1
Setd2,AATTGAGTTCGTTCAACTTAG,1
p53,AAGTATCTTGACTTAATGNTG,3
Apc,AAGTCTCTTCAGTTAAAAGGG,1
NT1,AATGGTATTTGAGAAAACCAT,1
Atm,AAGCCATTAGGTAAAAGAC,1
Lkb1,AAGTATTTTACNCCAACGCNC,1
Lkb1,AATCACCTTNCTTGAANTACA,1
Spike,AATCTCTTTCCATCAAATTGC,1
Apc,AACGCNCTTNCGATAACGCCG,1
Cdkn2a,AANGANGTTGTGGAAACGCAT,2
Atm,AACGTCANTTCGNCCAATNANA,1
NT1,AATCCTTTTCCAACAACTAAG,1
Neo3,AATTTGCTTTGCTAAAAGTT,11
Lkb1,AACTGTGTTGCTANAAGAAGG,2
Unknown Target,AAAGAATTTCNCTGAAAATAA,1
Lkb1,AATCACNTTGCTTGAACTANA,1
Rb1,AATACGCCTCACGTAATGGGG,1
Rb1,AAGCTCCTT,1
Neo3,AAATAGTTTATGGCAAAAAGC,1
Neo3,AACCGGGTTTAATTAAAATTA,1
p53,AATCTTATTTTTCAAAGGGTA,2
Cdkn2a,AATCGGTTTACGTGAAATGTT,2
Lkb1,AACATTGTTGTATGAACATAC,1
Neo2,AAATCACTTGACGAAAACCAA,1
Cdkn2a,AAGCCGTTTGATCCAAGTTAG,1
Unknown Target,AANNNTTTTCNGNAAANGTTG,1
p53,AACCGATTTTCAGAAAGAGGA,1
Keap1,AATCGACTTCGCTTAAGTCCC,1
Arid1a,AAGGTCTTTCTAACAATGCCG,1
Apc,AAGGCCTTTGCCGTAACGAGT,1
Neo3,AACGTTCTTCTTGGAACGAAC,1
Unknown Target,NAANCACNTTNNTTNAACNACA,1
Cdkn2a,AAGCAACTTGCCACAACTGGG,1
Lkb1,AATATGCTTTCTGGAACCACT,3
Cdkn2a,TAACGGGTTTAGCAAAATTTCA,2
Smad4,AATCATCTTAAACGAACGTCA,1
Apc,AATTAAATTTGGGCAATTAAA,2
Neo2,AAGTATTTCGCTAAAGCGCC,2
p53,AATTACATTTCTTGAAAAAGA,1
Rb1,AAGACTTTTCTGTAAATATCC,1
Neo3,AATCGTATTGGTCCAAGAAGC,1
Neo3,AAGCAGATTGGTGTAATTATT,1
Neo1,AAGACGGTTATTATAAAAGAC,1
Neo1,AACCCATTTGAGCCAATAAAC,1
Smad4,AAGACACTTTGTCGAATTACG,1
Neo3,AATGGGGTTTGATAAAAGACC,2
Lkb1,AATCACCTTGCTNGAACTACA,1
Neo1,AACGGAGTTGAGAGAATTACT,1
Rbm10,AAGGATTTTGTTGCAAGCACT,1
Neo3,AACTCGATTATGCTAACAACG,1
Lkb1,AATTTGTTTCAAGTAATAGAA,1
Lkb1,AATCACCTTNCTTGAACTACA,12
p53,AACACTCTTCGATCAATTGTG,1
Atm,AACAGAATTATCGTAATAGGC,1
Keap1,AATGGATTTACCGCAACCGAC,1
Unknown Target,NATNCGCNTCANGTAATNGGG,1
Neo2,AAAAGTCTTCTTCCAACTCAC,1
Rb1,AAGGAGCTTTACCTAACGGAT,1
Rb1,AAGGTGATTTTGGAAAACATC,1
Lkb1,AATCANCTTGCTTGAACTACA,5
Unknown Target,AACTNTGTTGCTNNAAGNAGG,1
p53,AAAAGGATTGAGCCAACGCCC,1
Rb1,AACGGCCTTTTTTAAAAATGT,1
Lkb1,NANCNCCNTGCTTGNACTACN,1
Lkb1,AAGGAGTTTAACTCAACTCTA,1
Cdkn2a,AACTTACTTCTTCGAACTCTA,1
Lkb1,AACTGCGTTTCGGAAACTGGG,1
Arid1a,AACCCAGTTGACATAAGCCGG,1
Atm,AACAAGTTTAATCGAAAAGGT,1
Rb1,AACTAGGTTGGAGGAAGCGCT,2
Unknown Target,AATGCGATTCATGTAAGGATT,1
Lkb1,AAGCTCGTTATCTAAAGGGCG,1
Cdkn2a,AATCTGCTTTATCCAATTATC,1
Lkb1,AAAGATTTTGCTTAAAACCCT,1
Cdkn2a,ANGGNGGTTGTGGAAACGNAA,1
Lkb1,AANTATTTTACACCAACGCTC,4
Lkb1,AAGTATTTTACACNAACGCTC,3
Lkb1,ANNTATTTTACACCANCGCTC,1
NT1,AAACCATTTCACTTAATGCGA,1
Cdkn2a,AAGTTCATTTAAGGAAGTCAA,1
Keap1,AACAGAGTTCAGGCAANGTGG,1
Neo1,AAAAGTTTTCGGTTAAAGAAC,1
Lkb1,AAGTATTTTACACCAACNNTC,1
p53,AAGTTGCTTNTGTCAAAAACC,1
Arid1a,AACANGATTCATCTAACCAAG,1
Unknown Target,CTTGGACAAAGAGGC,1
NT1,AATGTATTTATTTGAATCGGA,2
Lkb1,AACCGTGTTGNTACAAGAAGG,1
Unknown Target,AANNAATTTCTCTGAAAATAA,1
Apc,AATGAACTTGCGCGAACTGAA,3
Rb1,AATACGCTTCACGTNATGGGG,1
Setd2,AAATTGTTCCTATAACACAC,2
Cdkn2a,AAGGAGGTTGTGGAAACNCAT,2
Rb1,AATACGCTTCACGNAATNNGN,1
Rb1,AATTATNTTAACAAAAGGACA,1
Lkb1,AACTGTGTTGCTACAAGNNNN,1
Neo1,AAGTGGTTTGTCTTAATGCTG,1
Rbm10,AAGGTGCTTACCGGAATCGCG,1
Cdkn2a,AACGGCTTTCCGCGAAAACAA,4
Rb1,AATGCCGTTGGCCTAACTCAC,1
Unknown Target,ATTCGGTTGGTCGAAACCGT,1
Neo1,AACGGGTTTGGGGGAAGCAAA,1
Rbm10,AATCATATTAGCGAAAGTGCG,1
Atm,AAAAGTATTACATAAAGCTCA,1
Neo1,AACCGGCTTCAGCCAATCGGG,1
Keap1,AATCGGNTTACGATAAGCTTG,1
Rb1,AATCGACTTGGAGAAACGCCA,1
Smad4,AACCTCCTTTTCTCAATTCAA,1
Neo2,AAGCAGTTTTTCCGAACAGGC,1
Neo2,AATCATTTTACTAGAACGGCC,1
p53,AAATTGCTTTTTTGAATAATT,1
Lkb1,AACTGTGTTGCTATAAGAAGG,1
Lkb1,AAACCCGTTGGCCAAATACTA,1
Arid1a,AACGGCATTCGGCCAACCTTT,1
Unknown Target,GTTCTTCTAGAAAGCAAG,1
Apc,AACACTCTTCAAGTAATGTCC,3
Lkb1,ANNTGTNTTGCNANAAGAAGG,1
NT1,AAGAACATTATGCAAAGAGAC,1
Unknown Target,ACCCGGATTGCCTCAAGCACC,1
Unknown Target,GAATCCTATTACAACAATCGTC,1
Smad4,AATACTTTTTGGACAATCTCC,1
Apc,AACCCGGTTCGAACAAGCCCG,1
Lkb1,AATCACCTTGCTTGATCTACA,1
Setd2,AATTTGGTTGCCGCAAGCATA,1
Rb1,AACACCGTTCCGGCAAGAACC,1
NT1,AAACTACTTTGAGCAACACAG,1
Apc,AAGGGGGTTCGGGCNAAGTAA,1
Keap1,AACCTCCTTTTCGGAATCCCA,1
p53,AAGTATCTTGACNTAATGGTG,1
Neo1,AACTAGTTTTGGGGAATCTCA,1
Setd2,AAAAGCATTCCGGAAACTTTA,1
p53,AAATTCGTTACGGGAATTGGG,1
Neo2,AACCTTCACTCAACCACC,1
Lkb1,ANNTGTGTTNNNANAANANGG,1
Atm,AATCTCCTTAAGACAATTACC,1
Spike,AACGCCGTTCTAGGAATTTNA,1
Lkb1,AATCACCTTGCTTGAATTACA,1
Rb1,AATACNCTTCACGTAATGGGG,1
Lkb1,AACGATATTCTATGAACTGCT,1
Rb1,AAANGCTTGGAAAACAT,1
Smad4,AACGCTGTTCATTAAAAACGT,1
p53,AATGGTTTTTGGCGAATAACG,2
Rb1,AAGGACTTTGCGCTAATGCGC,1
Apc,AACCCCCTTCTCACAAAAACG,1
Neo3,AATTCCTTTAGTTTAAGGTCG,1
Apc,AACTTCCTTCTTTGAATTAGC,1
Rb1,AAGAATTGCCTAAATCGTA,1
Lkb1,AACTATGTTGCTACAAGAAGG,1
Keap1,AATCTACTTAAGATAAGCGGT,2
p53,AATAATCTTGGCCAAACGGCC,1
Apc,AATTTATTTACGAGAAGGACC,1
Lkb1,AAAGTTATTTCAATAATCATG,1
p53,AAGGCCATTCACGTAAATGAC,2
Spike,AATCTTTTTCNATCAAATTGC,3
Spike,AATNTTTTTCCATCAAATTGC,7
Lkb1,AATCNCCTTGCTTGAANTACA,2
Rbm10,AACTCCCTTTCTAGAACGAGT,1
Neo3,AATCACATTACGTTAAACATA,1
Lkb1,AATCACCTTGCTTGAACTACG,8
Lkb1,AACGTCATTCGGATAAACGGT,1
Lkb1,AATCACCTTGCTTGAACTANA,4
Atm,AAATGTGTTTTATCAGCCTCC,1
Apc,AATGGTCTTACAAAAAACCGC,1
Atm,AACGGTCTTGTTGAAAACGAC,1
Neo2,AAGTCTTTTGCCTTAAATAGT,1
Rb1,AATACNNTTCACGTAATGGGG,1
NT1,AACGTATTTTGCAGAACTTTT,1
Rb1,AANCTCATTCGAGGNACCTCG,1
Smad4,AATTGTTTTCNGTAAAGACGT,3
Rb1,AAGCGAGTTAGGGTAATTGCG,1
Rb1,AATTGGGTTGGGCTAAGCCGT,1
NT1,AAATAGCTTGGAAGAACCTTG,1
Smad4,AAGACTGTTCTGGCAACGTCG,1
Lkb1,ANGTATTTTACACCAACGCTC,2
Lkb1,ANCTGTGTTGCTANAAGAAGG,1
Apc,AAAACGCTTTTCGCAACGGGT,1
Lkb1,AAGTTCCTTACCCTAGTGGCA,1
Arid1a,AAGTCCCTTCTTCAAACACCC,2
Rb1,AACCAGTTACACTAATTTCC,1
Cdkn2a,AAAGCTGTTGTAGGAATGTCC,1
Cdkn2a,AAGGTTTTTACAATAAGGTCG,1
Unknown Target,AATCTTNTTCCATCAAATTGC,1
Smad4,AATTGTTTTCGGTAAAGNCGN,1
Setd2,AATCTCATTGGAGTAAGACAT,1
Spike,AATCTTTTTCCATCAAATNNC,2
Smad4,AATTGTTTTCGGTAA,1
Lkb1,AATCACCTTGCTCGAACTACA,2
Cdkn2a,AAGGGGGTTGTGGAAACGCAT,3
Rb1,AATANGCTTCACGTAATGGGG,5
NT1,AAAATAGTTTAATCAAATTTG,1
Rb1,ANGCCTATTTAAAGAAAACTC,1
Smad4,AATATTGTNTTTCAAATGCAT,1
Unknown Target,AAGGTTTTTTCAAAATGGGG,1
Spike,AACGCCGNTCTAGGAATTTCA,1
Rb1,AACACTNTTCAGGAAAAGTTG,1
Neo1,AAGGCCTTTAAATTAAGGAGG,1
Atm,AATCCGCTTGGGCCAAGTCTA,1
Apc,AACAAATTTATGCGAACCACA,1
Apc,AAACTGCTTTTCATAACCGTT,1
Neo2,AACGAATTTGCATGAATGTAC,1
Keap1,AAACTCATTACCTGAAGGATG,1
NT1,AATCTTTTTGTATGAATCTAG,3
Keap1,AACCCCTTTGGTGAAACCTCA,3
p53,AAATTAGTTGCTTGAAGGATT,1
Neo1,AACCAGATTGTACAAAGTGTA,2
Neo3,AAGGTATTTGAATAAACCCTA,1
Arid1a,AAGGACCTTTGTCAAAGGATC,1
Neo3,AAAATAGTTATCCCAATCACC,1
Setd2,AAGGCACTTTCCGAAAGGCCA,3
Rb1,AAGGGGCTTGTGGCAAGTAGG,1
NT1,AAGATGGTTTTTGTAACCCA,1
Setd2,AATCCGCTTCCGCGAACGGAG,1
Cdkn2a,AAGGNGGTTNTGGAAACGCAT,1
p53,AAGGCACTTGCTTCAAATATC,1
Neo2,AAGGACGTTTGCGAAAACGAC,1
Cdkn2a,AAAGAATTTCTCNGAAAATAA,3
Neo1,AATGCCGTTTAATGAACNTTN,1
Neo1,AATCTTCTTATATCAAACCAC,1
Lkb1,AACTCTCTTCACGTAAACGCT,1
Arid1a,AATGATTTTCGGGCAATCGGT,1
Spike,NANCTTTNTCCATCAAATTGC,1
Lkb1,AATCACCTNGCTTGAACTACA,3
Rb1,AAGGCGGTTACACCAACCGGG,1
Rbm10,AAACCAATTGCAGAAATGGGT,1
Neo3,AATAAAGTTACTGTAAGTGTT,1
Lkb1,AATCACCNTGCTTGAACTACA,2
Cdkn2a,AAAGAATTTCTCTGAAAGTAA,1
Rb1,AAGCNCCTTCAACCAAAGGNC,1
Arid1a,AAGGTCGTTTGGGCAATAAGA,1
Apc,AAGCGCCTTGATGGAATGATT,1
p53,AAGGGCATTACTAGATGGAC,1
Neo2,AATCCCCTTGGACTAACCCTG,1
Neo1,AACACGATTATTCAAACACTT,2
p53,AAATACCTTTTTTTTAATCCCG,1
Neo2,AAGCATGTTCATGCAACGAAC,1
Arid1a,AAGGTTATTCATTAAAGCGCT,1
Setd2,AATTGTTTTGGAGGAAATATA,5
Unknown Target,AATCNCCTTNNTTGANCTACA,1
Smad4,AAGAGAGTTCACTGAACCTTA,1
Rb1,AATAATCTTTGGAGAACACTG,1
Setd2,AACACTCTTATAGCAAAGACG,2
Arid1a,AAGCCGCTTAGCAGAACGAAT,1
Rbm10,AAACGGGTTTTTAATGCAT,1
Lkb1,AACTGTGTTGTTACAAGAAGG,1
NT1,AAGGGTCTTGTTACAAGTCCG,1
Arid1a,AACGGTTTTAACGAAAAAGTG,1
Unknown Target,TTTTCAATGCTCATGCCCAAG,1
Lkb1,ANTCNCCTTGCTTGAACTACA,1
Lkb1,NATCANNTTNNNTNAANTANN,1
Unknown Target,AAANAAATTCTGAAAATTNAA,1
Lkb1,AANCACCTTGCTTGAACTACA,2
Rbm10,AGGTGATTACGGTAATTGGG,2
Neo3,AATGTTATTAACAAAACCAGA,1
Unknown Target,AAGCAATTGGGTAAAGCAATC,1
Lkb1,NAGTTGNTTTCTTAAAGNATG,1
Spike,AANCTTTTTCCATCAAATTGC,3
Atm,AAANCGGTTNATCAAAAANGC,1
Rb1,AATACGCTTNACGTAATGGGG,2
Spike,AAGCTAANTGACGAAAGGCCN,1
Setd2,AAGAAGTTTAGTGTAAACGTT,4
p53,AAGCCATTTCCAGGAAACATT,1
Lkb1,AANCACCTTGNTNGAACTACA,1
Rb1,AAGGATTTTAAACTAACATAC,1
Cdkn2a,AAGGAGGTTGTGGAAACGCGT,1
Setd2,AATAGTGTTTGCACAATGGGT,3
Unknown Target,AANACNNNTCAANTAANGNCC,1
Smad4,AACCACGTTCCCTCAACACGT,1
NT1,AAGCTATTTCCAACAACTTGA,1
Smad4,AATTGGTTTCTGTAAAATCGA,1
Atm,AACCTTATTCGGCCAAGCGTA,1
Lkb1,AAGTATTTTNCACCAACGCTC,3
Lkb1,AACAGCCTTTTTCTAAACGCC,1
Apc,ATCTCGCTTTGACTAAATACG,1
Unknown Target,NAATNNGCTTCANGNAANGGGG,1
Rb1,AATCGTGTTATATCAAGGTCA,1
Setd2,AACTCCCTTTTTCAAACACTC,1
Setd2,CACAACAAAC,1
p53,AAGTATCTTGNCTTAATGGTG,1
Arid1a,AATCGTGTTTGGGTAAAATCT,1
Lkb1,AATGAGCTTATTGCAAGGAGA,1
Neo1,AAGTTCGTTGCTGTAAGGACT,1
Smad4,AATTGTTTTCGGTAAAGACNT,3
Neo3,AAACATATTTAACCAAGCAAG,1
Neo2,AAAGGTTTTGCTTAAACCGC,1
Neo3,AACTTACTTTAAAGAATAGAA,1
Lkb1,AAGTTAATTGGGTCAATACAG,1
Neo1,AAAAGCATTTGCATAATCCAG,1
Rb1,AAATCGCTTGAGAGAAGAGAT,2
Smad4,AAAAGTCTTGGGCCAAGAACT,2
Cdkn2a,AAAGAANTTNTCTNAAAATAA,1
Atm,AAGCTTTTTCAGGCAAAAAGG,1
Rb1,AAGCAGATTGTTTGAAGTCAG,1
Apc,AAGCTTCTTGACCAAAACGAC,4
Cdkn2a,AANGANTTTCTCTGAAAATAA,1
Keap1,AATATTCTTGGCCTAACCTCC,2
Rb1,AATAATCTTTNAAGAACACTG,1
Lkb1,AATGCTTTTTAAGGAACAACA,9
Spike,AATCTTTTTCCATCAAATCGC,1
Spike,AATCTTTTTCCATCAAATTGN,4
Cdkn2a,AAAGANTTTCTCTGAAAANAA,1
Cdkn2a,AAGGAGGTTGTGGAAACGNNT,1
Apc,AAGGCCGTTGTCCAAATGCGT,1
Cdkn2a,AACTTTCTTTGTCAAATATAG,1
Rbm10,AATCTACTTAGTCTAAAAACG,1
Rbm10,AAGGTCCTTCGAGTAACGCTG,5
Neo2,AACTTGATTTGCGTAACCGAT,1
Unknown Target,NAATTTCTTCNAGTAATCTCT,1
Unknown Target,AAAAAGTTTTGCCTAATCAAA,1
Lkb1,AATCACCTTGNTTGAACTANA,1
NT1,AAGGGGATTTGTGTAAGTGGC,1
Cdkn2a,AAAGAATTTCTCTGAAAACAA,1
p53,AAAAGGCTTTTGATAATGATG,1
Keap1,AATGTCTTGGATTAATCAAT,3
Neo3,AAACCCTTTTTCAAAATGGGC,2
Spike,AACNNCGTTCTAGGAATTTCA,1
Setd2,AAATTAATTTCTCAAAGTGGT,2
Unknown Target,ACCCAGTTAGTGCAATCACA,1
Cdkn2a,AAAGANTTTCTCTGAAAATAA,1
Atm,AAGCTTATTGCTGCAACTGCC,1
Neo3,AATGTTTTTTTCTAAATAGGA,1
Setd2,AAGGTTGTTATCTAAATGCCT,1
p53,AAAGGGTTTACGACAAGGGAT,1
Smad4,AATTGTTTTCGNTAAAGACGT,2
Neo2,AATTCACTTCGTCAAAATCCG,1
Lkb1,AATCACCTTGCNTGAACTACA,2
Smad4,AAGACCTTTAGCCTAACCGTG,1
Cdkn2a,AAAGAATTTNTCTGAAAATAA,5
Rb1,AACNCCNTTATGGCAAGGCGG,1
Lkb1,AAGACCATTGGTTTAATTGTC,1
Rb1,AACACTTTTCNGGAAAAGTTG,1
Atm,AAGTGCCTTAGGGGAAACAAG,1
Unknown Target,NAATCNNTTNCTTNAANNACA,1
Unknown Target,AGAAATTATAACAACGCAC,1
Lkb1,AACTGTNTTGCTACAAGAANG,1
Lkb1,AAGGTTCTTAAATGAATATCA,1
Unknown Target,AAACCGATTNAATNNAACGATC,1
Rbm10,AAATTCATTCGAACAACAGAC,1
Unknown Target,AAATTTATTTCTCTAAGCGGG,1
Keap1,AAACCAGTTTACGGAATCGTC,1
Neo1,AAGACTTTTTCTCAAAGGGGT,1
Cdkn2a,AAGNAGGTTGTGGAAACGCAT,3
Atm,AACGGAATTTATGCAATCCAA,1
Apc,AATCATGTTCCCCCAACATCC,1
Atm,AACTTTTTTCTAGGAACATCG,1
Lkb1,AAGTGGTTTAGACTAATCGGG,1
Rb1,AACGTACTTCCGCCAACACAA,1
Lkb1,ANTCACCTTGAAACAACTAGA,1
Spike,AATNTTTTTCCNNNAAANTGN,1
Neo1,AACAATCTTGATGCAATAGTC,1
Cdkn2a,AAGGAGGTTGTGGAACCGCAT,2
Lkb1,AANCNCNTTGCTNGAACNACA,1
Lkb1,AACCTGTTTATCACAACTGGA,1
Neo1,AATCTGTTTCTGGAAAGTGTA,1
Atm,AAGAGTGTTGAGTGAAGCTGG,2
Apc,AACAGCCTTTGAATAATACGT,1
Lkb1,AAAGGCCTTTCATCAAGAACT,1
Lkb1,AATCACCTTNCTNNAACNACA,1
Spike,AATCTTTTTCNATCAAANTGC,1
Apc,AAGGCCCTTCGAACAACGGAC,1
p53,AATCTGTTTACGTTAATCTAA,1
Lkb1,AAGTANTTTACACCAACGCTC,1
Lkb1,AATGGTTTTGTGTCAAGCGTCT,1
Unknown Target,AAGTATTTTACACNAANGCNC,1
Smad4,AATTGTTTTCGGTAAAGNNGT,1
Neo3,AATTTTGTTACCCCAAGTTTC,1
Rb1,AACCTTCTTCATCGAATGATC,1
Lkb1,AACTGTGTTGCTACAGGAAGG,5
Rb1,AATACGCTTCACGTAANGGGG,6
Cdkn2a,ANGGNGGTTGTGNAAACGCAT,1
Neo2,AACGACCTTACCGGAACGCTC,1
Lkb1,ANTCNCCTTNCTTGAACTACA,1
Lkb1,AAAATGTTTGACTTAACATCA,1
Atm,AACCTACTTGGGACAACCNCGA,1
Apc,AAGACTGTTACTC,1
Keap1,AAGACTTTTGCTCAAATCTCA,1
Rb1,AACGTCCTTTCGCGAATACGG,1
Unknown Target,AAATTCCCGAAATCGGC,1
Smad4,AANTGTTTTNGNTAAAGACGT,1
Lkb1,AANCANNTTGCTTGAAATACN,1
Smad4,AATTGTTTT,1
Lkb1,AACGGCCTTATTTGAAGAGTT,1
Lkb1,AACTGTGTTGCTACTAGAAGG,1
Unknown Target,AAGTNTGTTTCNGGNATNNAG,1
Spike,AATCTTTTNCCATCAANTTGC,1
Cdkn2a,AACTTCATTTTTTCAAGTCTC,1
Smad4,AAGAACGTTTCAAAAACGGGG,2
Arid1a,AACGCTTTTACGGGAAGTTTC,1
Rb1,AATACGCTTCACGTAATGGGN,1
Smad4,AAGCCGATTCATCAAACCCCA,1
Arid1a,AACGTTTTTACGTGAAGACGT,1
Neo2,AAGGCACTTCGGCCAACTTAC,1
Atm,AATGTGGTTAATTGAACCAGG,1
Apc,AAGTCGATTCCCATAAACTAG,1
Lkb1,AACCACCTTGCTTGAACTACA,1
Neo3,AAATGATTTTTGTTAAGCCTG,1
Keap1,AACCCCCTTGCTCAAAAGCTC,1
Apc,AACTTTTTTGGGCCAAACGCG,1
Apc,AATGCAGTTAATAAAACATAG,2
Neo1,AAGACTTTTTCCGTAAAGGTC,1
Atm,AAGGCAGTTCGCTGAAGCCGG,2
Unknown Target,AAGTNTNTTGANTTAATGGTG,1
Smad4,AATTNTTTTCGGTAAAGACGN,1
Neo3,AATGTATTTCTAGCAACGAGC,1
Neo3,AAAGCTTTTTGCGAAACCTTA,1
Neo3,AATGTGTTTGGGTAAACTAGT,3
Neo1,AAGTACATTCTTTCAACGTTC,1
Rb1,AATTCCTTTGGTTCAACTGCC,1
Neo3,AATGCGTTTCCTCAAATCTGT,1
Neo1,AACTGCCNTTTGCCAAATCGG,1
Lkb1,AAATATGTTCGGGCAATCGAG,2
Unknown Target,NAANNATTTCTNTNAAAANAA,1
Apc,AANCGGGTTNATCCAANTTAN,1
Unknown Target,AATAATNTNNNAANAACACNN,1
Spike,AATCTTTTTCCNTCAAATTGC,5
Unknown Target,AAAAAACTTCCCGCAAGGAGG,1
p53,AATGATCTTGGCTAAAGTGTC,1
Atm,AATCATTCGCGTAAAGGAT,1
Neo2,AACCGGGTTGGACGAAATGTTA,1
Spike,AATCTTTNTCCATCAAATNGC,1
Lkb1,AATCACCTTGCTTGAACTACN,6
Setd2,AATGAATTTTCACCAATGGTT,2
Smad4,AAGTGAGTTGGGGTAAACGTC,1
Atm,AACGCCNTTACGTCAANCGTC,1
Smad4,AAAGGACTTGAAAGAANAGAG,1
Cdkn2a,AAAGAATTTCTCTGAAAANNA,1
Atm,AAACACATTCGAACAAACCCT,1
Rbm10,AAATCCTTTACACGAATCGTG,1
Lkb1,AATCAACTTCAGATAACAACT,1
Rb1,AATCTGTTTGCTACAACTGCC,1
Rb1,AAAGGTGTTGTCCCAATCGCG,1
Setd2,AACCGCATTTCGGCAAACGTG,1
Rbm10,AAGGGCCTTGTCGCAATCGGG,1
p53,AACACATTTTAGTGAAGGTTC,1
Neo1,AAGCTGGTGTGCAAGACCG,1
Smad4,AACACCNTTCGTTAAAATCTG,1
Rb1,AACGGTGTTTGGCGAAGAGGG,1
Setd2,AACCCGATTAGTCCAATCCCG,1
Unknown Target,GTCCTTTACAGAAGAGCC,1
Lkb1,NATCACNNTGCTTGAACTACA,1
Unknown Target,GCAGAATCGCTATGCCCAAGA,1
Lkb1,AACTGCATTTGCGGAAGCCTA,1
Rb1,AACGACTTTGAGTGAAGACCG,1
Keap1,AAGGGCATTAGCGCAACCGGT,1
Neo1,AAGGGGATTAAACGAAGCCTG,1
Unknown Target,ACGGTGTTGCACCAAATACC,1
Rbm10,AAGTAACTTNTCTCAAATAGG,1
Apc,AAGCCTGTTCAGTGAAGCGTC,1
Apc,AAAACACTTTCACTAATCTTA,1
Rb1,AACACTTTTCAGGAGAAGTTG,2
Lkb1,AATCNCNTTGNTTGAACTACA,1
Spike,AATCTTTTTCCATCANATTGC,4
Neo3,AACGTGTTTGACCCAACCGTA,1
Unknown Target,AATNGTTTTCGGTAAAGACNT,1
Lkb1,AGTCACCTTGCTTGAACTACA,2
p53,AATCCCATTCTGGAAAAGCGG,1
Rb1,AAGGGGCTTGGGGGAAACCCG,1
NT1,AAACCAGTTTTTGTAAACAGT,1
Rb1,AATACGCTTCANGTAANGGGG,1
NT1,AAATACTTTCGTTTAAGCTCG,1
Unknown Target,ATACATTTAACCCAAACCGC,1
Neo2,AACGGCTTTGCGTGAATCCCG,1
Arid1a,AAGAGAATTCCAGCAACACCA,1
Arid1a,AACTGCATTTCAGTAAGGTGG,1
Unknown Target,AANATNTTTACAGGAACCGCG,1
Lkb1,AAACTTGTTTTGTTAAGGGGA,1
Setd2,AATGCCGTTCGATTAAAAGGG,3
Rb1,AAGGGGGTTCACTCAATGGTT,1
Setd2,AAGTGTGTTTCACTAATGTTG,1
Keap1,AACGTGATTATCGAAACCGGG,1
NT1,AAGCACATTCAGTGAAGAGGT,1
Neo1,AAATACGTTGATTTAAAGCTT,1
Unknown Target,ATTCGGTTTCCACAATTCGA,1
Neo3,AAGTGGGTTGAGGCAATACTC,1
p53,ANCCTGGTTTAAACAAAGTAC,1
Arid1a,AACGAGTTTGTGGCAACATTC,1
Rb1,AAGGCACTTCGCACAACAGTT,1
Smad4,AAACTTGTTACCCAAAACCCG,1
Spike,AAGTTTNTTTCGGGAATGCAG,3
Smad4,AAGTTCCTTCGATAAAGTGGG,1
Atm,AAGCACATTGTGGAAAAGATT,1
Cdkn2a,AAGGAGGTTGTGGAAGCGCAT,1
Rb1,AATACGCTTCACGTANTGGGG,3
Neo1,AAGTGTTTTTCTAAAAAGGGT,1
p53,AATTTGGGAATGATA,1
Setd2,AAGAAGGTTAGCCCAACTGCG,1
Atm,AATGTGGTTCCTGTAAGGGAC,2
Lkb1,AAGTATTNTACACCAACGCTC,1
Cdkn2a,AACGGTGTTGCGCAAATGGTT,1
Lkb1,AAATGCGGAAAGATGG,1
Rb1,AATACGCTTCANGTAATGGGG,1
Smad4,AAGGAGATTCACAAAATACTG,1
Neo2,AAAACTGTTCCGGTAACGGTT,1
p53,AATTCATTTCGATTAATAACG,2
Setd2,AAGAGGGTTCTCTCAAAGCCT,1
Lkb1,AATATGATTCTAGCAAATGCC,1
Neo1,AAAACACTTGGATTAAAAGTA,1
Unknown Target,ACGGGGTTAACTAAACTCCG,1
Neo2,AATGTGATTCGTGTAAGGAGC,1
Cdkn2a,AATGCCTTTTAGCAAATGGAT,1
Lkb1,AANTATTTTACACCAACGNTC,1
Rb1,AATACGCTTNACGTAATNNNG,1
NT1,AATCCGCTTACCTGAACAATA,1
Rb1,AATTGGGTTTAAGCAAAACNT,1
Neo2,AACCGGCATTATCGTAAACGAG,1
Spike,AATCTTTTTCCANCAAATTGC,2
Rb1,NATAAAGTTGTTTTAACCCGG,1
Rb1,AAACGCTTGGAAAACAT,3
Arid1a,AAAGTGTTTCTCCCAAGGCCC,1
Neo1,AAAGACATTGATCTAACTACC,1
Rb1,AACGTTTTTCAGTGAACATAC,1
Smad4,GATTGTTTTCGGTAAAGACGT,2
Setd2,AAGGCGGTTTAACAAAAAAGA,1
Atm,AACGTCAGTTCGCCCAATGAGA,4
Arid1a,AAGTCTGTTGGCCTAACCCCC,1
Cdkn2a,AAANNATTTCTCTNAAAANAA,1
Arid1a,AACGTCTTTCCGAAAGCTCG,1
Lkb1,AANCACCTTNCTTGAACNACA,1
p53,AACGGGTTTCGTATAAGCGCT,1
Smad4,AATTGTTTTNGGTAAAGACGT,2
Apc,AAGGTCCTTATGCCAAATCCA,1
Arid1a,AACTACGTTGCGACAACCAGG,2
Atm,AATGGTTTTACATAAATGGGG,1
Rb1,AATTTGGTTGTAAAAATTGTA,2
Apc,AATNCCGTTGCCTCAAGAGGC,1
Cdkn2a,AAAGANTTTCTCTNAAAATAA,1
Neo1,AAGAGGGTTGTTTCAATGGGT,1
Smad4,AAGCTGCTTTATCGAACTTCT,1
Unknown Target,ATCCGTTACCCAAAGTGCC,1
Neo3,AAGTCTTTTGCCTCAAAAAGT,1
Arid1a,AAACGCCTTCCATAAACTGGT,1
Neo3,AAACTCTTTACCCGAAGATCG,1
Lkb1,AATCACCTTGCTTGAACTTCA,1
Unknown Target,AATTNTTTTCGGNAAAGACGT,1
Rb1,AAGCGCGTTGTCGGAACAGCC,5
Setd2,AAACAGCATTGTACCAACGGGC,1
Apc,AAGGACTTTAAGAATGAAC,1
Cdkn2a,ANGGAGGTTGTGGAAACGCAT,7
Smad4,AATCCAGTTTGTACAAGGGCT,1
Smad4,AATTGTTTTCGGTAAAGANGT,2
Unknown Target,AANGTAGTTTTNAAAGGGNT,1
Setd2,AAGACACTTCAGGGAATCTTT,1
Neo3,AACTTATTTTTCTTAAGAGAA,1
Cdkn2a,AAGCACATTACTGGAAACATG,1
Neo2,AAAGTAGTTCCTTGAACACTT,1
Smad4,AATCGGATTTTGCGAATCTCA,1
Apc,AAGGATCTTTCCAGAACCTCA,1
Lkb1,AAATATCTTCCCTTAATTCCC,1
Neo3,AAGTCTATTAATGAAACAAAT,1
Apc,AAAGTNCGTTAAGCCCG,1
Setd2,AAGTTCTTTGTTCAAAAAACT,1
Cdkn2a,AAATTGCTTCCCTCAAGTCCC,1
Unknown Target,TAATCNNCTTNNTTNANNTACA,1
Apc,AAATTTTTTCGGGAAACAGCG,1
Rbm10,AAACGGATTCTTCGAAGAGCG,1
Setd2,AACCAACTTAAGCTCG,1
Lkb1,AGGTATTTTACACCAACGCTC,2
Neo1,AAGTTCTTTAAAGTAAAGGGT,1
Rbm10,AAGTTTGTTTAAACAAATGAG,3
Unknown Target,ATACGCTTCACGTAATGGGG,1
Apc,AACGACATTATGTCAAACAAC,1
p53,AAGTATCTTGACTTAANNGAN,1
Keap1,AATACTGTTATCCCAATCCAC,1
Lkb1,AAGAGCTTTATTGAAAGTTCA,1
Apc,AAGCGATTTTCGAAAAGCTAC,1
Neo2,AACGTACTTTGGCCAATCGGT,1
Lkb1,AAAGAGTTTCATCAAATAGTC,1
Keap1,AAGATGGTTTTTGGAATTTCC,1
Atm,AAGCTTTTAGTCGAACGATA,1
p53,AAACCGGTTCAGTTAAGCAAA,1
Smad4,AAGGTGTTTCTGTGAAAAGCA,1
Atm,AAAAATATTGAATGAAGTGTT,1
Keap1,AACGCTATTTCCTCAACCCGG,3
Unknown Target,NNNTNTTTTNCNNNAACNCNN,1
NT1,AAGTTTTTTGTGGTAAACAAG,1
Cdkn2a,AAGAAGCTTCCCAAAATCGTG,1
NT1,AAGTAGCTTTGGATAATCGAA,1
Cdkn2a,AAGGAGGTTGTGGAGACGCAT,7
Arid1a,AACGGGGTTATTGGAACTGCT,1
Apc,ACTCACGTTGCATAAACGCAC,1
Rbm10,AAGATACTTCACAGAAGGGGA,1
Setd2,AAACGCCTTACACAAAATGCT,1
Apc,AAACCGTTTGCCGTAAAAAAT,1
Lkb1,AATCACCTTGNTTGAACTACA,1
Lkb1,AANTATTTTNCACCAACGCTC,1
Unknown Target,AAGGGCGTTAAGCAAAGGGAG,3
Atm,TGGGACAACCCGA,1
Smad4,AAAGAAATTATCTGAAAGGGG,1
Neo2,AACGTTGTTACGTGAAGAGTA,1
Lkb1,AACTNTGTTGCTACAAGAAGG,6
Unknown Target,,1
Rb1,AAGGAGNTTCACACAAGGGCC,1
Lkb1,AAGGACGTTCTTTCAATTTTA,1
Lkb1,AANTGTGTTGCTACAAGAAGG,1
Lkb1,AATTGAGTTATCGCAAGTCCC,2
Keap1,AATTCAATTTCTTCAACCGGC,1
p53,AAGGTCGTTATGCAAACANGC,1
Spike,NATCTTTTTCCATCAAATTNC,2
Lkb1,AACTGTGNTGNTACAAGAAGG,1
Apc,AATAACGTTACAGCAACCATG,3
Keap1,AACGGGGTT,1
Rbm10,AAACTTCTTCGTCAAAGTCTA,1
Atm,AACAGGGTTCCAGTAAACGGG,1
Neo3,AAATCTCTTTCTGAAAGCCGT,1
Atm,AAGGCTTTTGGAAAAACGCGC,1
Rb1,AACCTCATTCNANGAACCTCG,1
Arid1a,AATCGTATTCGCCAAACCTCG,1
Arid1a,AAATTGCTTGCCGTAATATTG,1
Neo2,GTTGATCGAAAACAGC,1
Neo3,AATTGTGTTCAATTAAACCTG,1
Arid1a,AAAAGGGTTTACCAAAGAGTG,3
Atm,AAACCCGTTGCGAGAACCCAC,1
Rb1,AACACCGTTCCGGTAACCGAG,1
NT1,AAAGGTGTTTATTTAACGGTA,1
Arid1a,AACTAGCTTCGAGAAAGAAAC,1
Unknown Target,AAGTATCTTGANTNAATGGNG,1
Neo3,AATTTGCTTATACTAAGTAGA,1
Apc,AAAGAAGTTGGAATAAGCTTC,1
Neo2,AAGCTAATTTGGCCTGG,1
Neo1,AACGTAGTTTTCAAAGGGAT,6
Neo2,AATCAAATTAACTAAACGCCG,1
Neo3,AAAATAGTTCTTACAAGTACG,1
Lkb1,AACTCTATTATGACAATGAAG,2
Neo3,AACATCGTTGATCTAAGTCTC,1
Lkb1,AATATGGTTGAATTAACGGGG,1
Lkb1,AAGTATTTTACACNAANGCTC,1
Setd2,AAGCGATTTTGGTAAAATAGC,2
Neo1,AATGTCTTTCTCGTAATTAGC,1
Smad4,AAGCTCCTTCGACGAATAATT,2
p53,AACGTCGTTTTTATAATAGGA,1
Smad4,AAGAATATTTTATTAACTACG,1
Neo3,AAGCTTGTTGTGTGAAGCAGG,1
Neo3,AATGAGGTTTTGATAACAGAT,1
Unknown Target,NANTGTNTTNCTANAANANGG,1
Neo1,AACAAGTTTGCTGGAAGACAG,1
Apc,AACGGTCTTCCTTAAACGGGG,1
Cdkn2a,AAGAAGGTTGTGGAAACGCAT,1
Cdkn2a,AAGGANGTTGTGGAAACGCAT,1
Smad4,AACTTAGTTCCAATAACCGCG,1
Unknown Target,AANGNATTTCNCTGAAAATNA,1
Lkb1,AAATGTTTTTACGTAATTTTA,1
Arid1a,AACTTCTTTTGGAGAACCTCG,1
Arid1a,AAAGAAGTTCTAAGAATTGCA,1
Lkb1,AAGTATTTTACACCAACGCTN,4
Rb1,AATGTAGTTGGCATAAAGGATG,1
p53,AAGCTGATTGTTTGAACAGCC,1
Rb1,AATACGCTTCGCGTAATGGGG,4
p53,AAGTTAATTGCTCAAATGGCT,1
Keap1,AAAAGGATTTGACGAACCGGC,1
Keap1,AAGTACGTTTCGCGAAACCCG,1
Arid1a,AATCGGCTTCAATGAACAAAT,1
Apc,AACAGAGTTGCCTCAACCCGT,1
Setd2,AAGGTCCTTTCCAGAAAATTC,1
Rb1,AACACGNTNCANGTAATGGGG,1
Atm,AAGTCAGTTATTGTAAGGCCC,1
p53,AATTTGCTTAGTATAACTGTT,1
Lkb1,AANTANTTTACACCAANACTC,1
Unknown Target,ATTCATTTTAACAAAGTATAA,1
Unknown Target,NATCTTTTTCCATCAAATTGC,1
Rb1,AATACGTTTCACGTAATGGGG,1
Spike,AACGCCGTTCTAGGANNTTCA,1
Cdkn2a,NANGAGGTTGTNGAACCGCAT,1
p53,AAGTATCTTGACTTAANGGTG,1
Neo2,AAATCAGTTCGCGGAAGGATT,1
Arid1a,AATCTGATTGCACCAATGCGT,1
Unknown Target,AATACGCTTNNCGTAATGGGG,1
Setd2,AAAGCTTTTNGCATAACAAAG,1
Lkb1,ANTTGAGTTTGGGTAACTGCG,1
Rb1,AATACGCTTCACGTAATNGGG,2
Lkb1,AAGTATTTTNCACCAA,1
Setd2,AAGGCCTTTTTCACAACAGTT,1
Neo1,AATGGTATTCTCTAAAACATC,1
Rb1,AANACTTTTCAGGAAAAGTTG,1
Neo3,CAACGAATGGC,1
Smad4,AACAACCTTCGAAAAAGTCTC,2
Spike,AATCTTTTTCCNTCAAANTGC,1
Apc,AAAAACTTTTCCCGAACGGCA,1
p53,AAATGCCTTGATAAAAGGTAT,1
Apc,AACCCGATTTGAGCAAAGTCG,1
p53,AAGTATCTTGACTTAATNGTG,1
Cdkn2a,AAGGAGGTTGCGGAAACGCAT,2
Unknown Target,ACTCTCTTAACCCAATCGCG,1
Rb1,NANAATCTTTGAAGAACNCTG,1
NT1,AACAGTTTTGTCTAAATCAG,1
Keap1,AAGGACCTTCTAGGAATGCAA,1
Arid1a,AAATGTATTGGCGAAAGTGAT,1
Unknown Target,AACTGTGTTNCTACAAGAAGG,1
Neo3,AACCGCATTAAAAAAATGCAG,1
Lkb1,AAGTCGCTTTGTGCAATGACC,1
Smad4,AATTGTTTTCGGTAAAGACAT,2
Arid1a,AACTAGATTATACCAAGCGGT,1
Smad4,AATAGAGTTAACTGAAGGGAC,1
Rb1,AAAAGTATTTCCTAAAACAGT,1
Rb1,AAGGAACTTCTGTGGAAACGG,1
Rb1,AAAAGCGTTGTACAAAGCAAC,1
Rbm10,AATGGAATTCCTGCAACCGTG,1
Setd2,AACCACTTTCTGGAAACCCNC,1
Setd2,AAGTTTATTCCCAGAATAGTC,1
Smad4,AACGGCCTTTTACTAAACATT,1
Lkb1,AATATATTTTCATCAAAAAAC,1
Neo3,AACCGATTTCCAAGAATTGGT,1
Neo1,AAGACGATNCGAGGAAGATTA,1
Setd2,AAAGCGTTTCGGAGAAGTTCA,1
Lkb1,AATNACCTTGCTTGAACTACA,2
NT1,AATTTATTTGCAGGAACTGCC,1
Neo3,AATTGGTTTTATTAATTCTG,1
Arid1a,AAACAGCTTGGGGAAAGAGAG,1
Neo3,AACCGAGTTCGGTCAATCAGA,1
Unknown Target,AATTNTTTTGGGAAGNAAANATA,1
Cdkn2a,AAAGTCATTGCCGCAATTCCC,1
Unknown Target,AACNAACTTCCNTAACTAATC,1
Cdkn2a,AACATCTTTTAGCGAACATCT,1
Setd2,AACCGGGTTGATAAAATCACA,2
Apc,AACCCCATTTGACCAAGTGAA,1
Neo3,AATGTGCTTGTTGAAGCCAC,1
Smad4,AAGGTAATTTCCCCAAGAGCG,1
Cdkn2a,AAGTGATTTGCCTAAGACCG,1
Unknown Target,TACGTTATCAAATGTCT,1
Atm,AAACCGTTTTAGACAAGAATA,1
Neo3,AAGGCAATTTTAGTAATACCG,1
Atm,AATCGCCTTAAGTAAAGCCAC,1
Unknown Target,ATCAAGTTAGTTGAATACGG,4
p53,AAGTATCTTNACTTAANGGTG,1
Unknown Target,AAGTATTTTNCACCAACGCNC,1
Unknown Target,AAANANNTTNTNNNAAAANAA,1
Smad4,AATTGTTTTCGGTAAANACGT,3
Smad4,AGATTTGCACAAATGTC,1
Lkb1,AAGGTGATTTCCGGAAGTGCC,1
Unknown Target,ACAGACTTGCTCAAAACCGT,1
Unknown Target,ACTCGTTAGTGTAACGGAA,1
Smad4,AATTNTCTTCGGTAAAGACGT,1
Lkb1,AATCACCTTGCTTGNACTACA,2
Spike,AAGNCGATTTGGTAAACACCC,1
Rbm10,AAGGGCACTTGACCCAAGCTAG,1
NT1,AAGCTTCTTCGTACAACCTTG,1
Rb1,AAACGATTTAAGCTAAGCGAG,1
Smad4,AATGCACTTATGTCAATTCTA,1
p53,AAAAACATTCTAGGAGGTCGG,1
Smad4,AACACAATTAAGTGAAGCCAT,2
Arid1a,AATGCCGTTACTCTAAGGCTT,1
Rbm10,AAACAGCTTTGGATAAAGGTG,1
Neo2,AACCAACTTTT,1
Unknown Target,AATCACCTNGNTTGAACTACA,1
p53,AAGTANCTTGACTTAATGGNG,1
Arid1a,AATGTTATTGTACAAATCAGA,1
Neo3,AAAAATTTTTCCGGAATTACA,1
Neo3,AACGGGTTTAACTAAAATAGT,1
Apc,AAAAACCTTACTCGAATATCA,1
p53,AATCGATTTGTACGACGTGA,1
Lkb1,AACCGTGTTGCTACAAGAAGG,1
Rb1,AACACCGTTATGGNAAGGCGG,1
Neo2,AACGAATTTAGAGAAATCTAG,1
Arid1a,AACTTTCTTACGGGAAAAGGG,1
Neo3,AACCTAATTAGTTGAACAACC,1
Rb1,AATACGCTTCACGTAGTGGGG,3
Smad4,AATTGTTTCCGGTAAAGACGT,1
Spike,AAACAAGTTGNGATAAGCCAC,1
Rb1,AAGGGTTTCCGTGAATTCGA,1
NT1,AATGTTCTTCCTATAAGGGCT,1
Apc,AAGTGTCTTCCATTAAGAGGG,1
p53,AAGTTAGTTGTTTCAATACGG,1
Neo2,AAGTCCCTTGCAGTAATTCCA,1
Rb1,AATACGCTTCACGTAATGNGG,3
Spike,AAATTTGTTTCGGGAATGCAG,1
Neo1,AAAGGGTTTCCGCGAAGAAGC,1
Spike,AATCTTTTTCNATCNAATTGC,1
Unknown Target,AATNCGCTNCNCNTAANGGGG,1
Unknown Target,AAACGCTTGGAAAACAT,1
Cdkn2a,AAGGAGNTTGTGGAAACGCAT,4
Unknown Target,AAGACTNTTTTTTAANNGNA,1
Unknown Target,AANNTTTTTCCNNNAACAAAC,1
Unknown Target,AACACCGTTATGGCAAGGCGG,1
Rbm10,AATTGTGTTCAATAAACCCTG,1
Unknown Target,AATNTTTTTCCANNAAATNGN,1
Spike,ANTNTTNTTCNATNAAATTGCC,1
Setd2,AATTCTTAGTACAATCACG,1
NT1,AACATCATTAGAAAAAGGGCT,1
Unknown Target,AAGNTNANNNANNAAANGCCT,1
Arid1a,AATGGGATTGATGTAATTACC,1
Apc,AAGGCCGTTGGATTA,1
Setd2,AACCGGGTTGATAAAACCACA,1
Setd2,AATCGGCNTTACTGAATTGCC,1
Cdkn2a,AAAGAANTTCTCTGAAAATAA,1
p53,AATTTCTTTTCAGAAACGCTG,1
Cdkn2a,AAGGGNGGNTGNGGAAACGCAN,1
Neo2,AAATGGGNAACGAC,1
p53,AAAGCCATTCAGCTAAGGGGT,1
Rb1,AAGGGACTTCGGTTAAGACCT,1
Unknown Target,AATTNGCTTTGCTAAAAGTN,1
Cdkn2a,AAAGAANTTCTCTGAAAANAN,1
Lkb1,ACTCACCTTGCTTGAACTACA,1
Smad4,AACTCCGTTTGCGGAACTCCG,1
Atm,AACAACCTTATGCCAAGCCAG,1
Neo1,AAGTATTTTCGTATAATTGCC,1
Lkb1,AACTACTTTGGGATAATGTAT,1
Keap1,AACTGCCTTCTGACAACAGGC,1
Lkb1,AACTGCGTTGCTACAAGAAGG,1
Unknown Target,AATAGTTTGAAGGAACCGACA,1
Apc,ATCATGATTGCTATAACAATC,1
NT1,AAGAAGCTTTGCAGAATNTCT,1
Rbm10,AACCGGTTTTGGCTAACACAC,1
Setd2,AATCTTTTAGGGTAAGCCGG,1
Apc,AATAGTTTTGGAAAAGNNT,1
Lkb1,AANCACCTTGCTTGAACTANA,1
p53,AACTCGTTTGTGAAAAATAA,1
Unknown Target,AANACTTTTCNNGAAAAGTTN,1
Setd2,AATACGATTTTTCTAAAGACG,1
Rbm10,AAGAGTGTTCCGCTAAGGCCG,1
Setd2,AAATTTGAGAAAAACC,1
Neo3,AATAGACTTATGAGAATGCCC,1
Apc,AATCCCCTTGGCTCAAGCAGA,1
Neo1,AATTCACTTCCCTGAAGACAA,1
Rb1,AAAACTTTTTCGGTAAGGAGG,1
Smad4,AACGACCTTGGGCGAATCGCA,1
Cdkn2a,AANCTGGTTCAGAAAACAAAT,1
Smad4,AATTGTTTTNGGTAAAGANGT,1
Smad4,AACGATGTTAAAAAAATGGCC,1
Rbm10,AAAAACCTTACGGGA,1
Neo3,AAGACGGTTGTACCAACCTTC,1
Neo3,AACTGCGTTGGTCCAATCGAC,1
Spike,AATCTTTTTCNATCAAGTNGC,1
Keap1,AAGGTGGTTTGGCTAAGATAG,1
Neo3,AACTGGATTGGTCGAATGCCA,1
Setd2,AAGCAATTTCGGGCAACTACA,1
Arid1a,AAAATCATCCCGCAATGACC,1
Smad4,AAAGTCATTACGGAAATCGAG,1
Apc,AACGCGCTTTATCTAAACTTC,1
Smad4,AACCATCTTCCAGAAAGATCG,1
Unknown Target,AATCNCCTTGNTTNAANNACA,1
Unknown Target,GGTACTTCTGGCAAAGGAAT,1
Rb1,AATACGCTTNACNTAATGGGG,1
Neo1,AAGATGCTTCGTCAAACCTCC,1
Keap1,AAGGCGGTTGACCTAAGATCG,1
Cdkn2a,AAGGAGGTTNNGGAAACGCAT,1
Neo1,AATACCCTTCAAGGAAT,1
Cdkn2a,AAGGTTTTTGTTGCAAGGGTT,1
Neo3,AACCTTTTTTCGTAAAGCGCT,1
Rb1,AANACGCTTCACGTAATGGGG,2
Neo2,AACAATATTNNTCCAACGTTG,1
Neo2,AAGCCTGTTGCGCCAAGTGCC,1
Rbm10,AAGTTTGTTTAAACAAGTGAG,1
Rbm10,AACATATTTCAATTAATTCGG,1
Apc,AAATACGTTATACAAAGTAAA,1
Apc,AAGCTGCTTTAGTGAACGTGA,1
Lkb1,AACACGGTTACAGAAATGGTT,1
Smad4,AAACGTTTTCTTACAAGTTCT,1
Setd2,AACGTCGTTACGGAAATAGCG,1
Cdkn2a,AAGCCACTTGACTAAACACCT,1
Smad4,AAGNTNATNGNGGGAACGNAA,1
Apc,AACACCATTTGTCGAAGGATG,1
Neo3,AACCGGGTTGGATCAACAATT,1
Arid1a,AAACATATTGTTCCAACGCTG,1
Cdkn2a,AACCATTTTCGGTTAATCAAG,1
Unknown Target,AAGGGTNATTTCATAAACCNTC,1
Rb1,AATACTATGACGAAGTACT,1
Lkb1,AACTGTGTTTTGATAAGGGAT,1
Smad4,AAACAGTTTGGAGTAATAGTA,1
Lkb1,AAAATATTTGAATAAATGGCC,1
Atm,AAGGGGCTTAAGTGAAGACCT,1
Smad4,AATTGTTTTCGGNAAAGACGT,2
Spike,AACGCCGTTCTAGGGATTTCA,1
Setd2,AAGGNTTTTGACAAAAGTCTG,1
Rb1,AACCGGGTTGGATCAACTCTC,2
Setd2,AATAAGCTTAGGGTAACCTTT,1
Neo2,AACCCTCTTGGCCGAACGCAG,1
Unknown Target,ANGGAGCTTCACANAAGGGCC,1
Lkb1,AATGATCTTATTGGAACGATC,1
Unknown Target,AGGGACTTACTCATAGAC,1
Cdkn2a,AAGNAGGNTGTGGAAACGCAT,1
Smad4,AAGGAGATTCCAAAAACCTTC,1
p53,AACATGGNTTTTGAAATTGCG,1
Neo1,AATNCCGTTTAATGAACTTTA,1
p53,AACGGATTTAGAGCAATGGAC,1
Setd2,AAGACTATTTTTTTAACGGTA,2
Lkb1,AATTTTATTCTACTAATCAGG,1
Spike,AAGTNGANTTGGNAAACACCC,1
Cdkn2a,AAAGTACTTCCATAAAGTGAG,1
Neo3,AAGGGATTTTTAGCAGTCTA,1
Apc,AAGGTACTTATGTCAAACGAA,1
Neo1,AACCAACTTGCATCAAGATAG,1
Smad4,AATACCGTTTCCGTAATTCCA,1
Lkb1,ANNTNTTTNACACCNACNNTC,1
Cdkn2a,AANGAGGNTGTNGAAACGCAT,1
Apc,AACCCGCTTCGCAGAAGAATG,1
Neo1,AATAAAGTTTGGGGAATCAAC,1
Arid1a,AACGCCATTGCGGGAAGACGA,1
Arid1a,AATATTGCGAAAATGATG,1
p53,AAATCTATTCTTCTAATGGTT,1
Neo3,AACTGGGTTGGGATAATGCGA,1
Cdkn2a,AATCGCCTTTCTCTAAGCAGC,1
Neo1,AACATTCTTTTACCAAAAGTA,1
Neo1,AAGACTATTATCGCAAGTGGT,1
Rb1,AAAAGGCTTCCAGTAATGCAG,1
Neo2,AAGCTCGTTCACCTAATGTAC,1
Rb1,AATAATCTTTGAAGAACGCTG,1
NT1,AAGATCCTTCAAAAAATCATT,1
Keap1,AAGACCCTTGCATTAAACACC,1
NT1,AATCAGGTTATTCGAAATTCG,1
Arid1a,AAATCCCTTGCTCGAAGGTTA,1
Cdkn2a,AAGGAGGTTGTGGAAACGCNT,1
Keap1,AAATTCTTTTACACAATCGGA,1
Cdkn2a,AAAGGAATTTCCGAAACCCAG,1
Unknown Target,CCNTTCATACAAACGTG,1
Unknown Target,AATCTATTTCCCGTAACGCCG,1
Neo1,AAGCTAGTTGGATGAATGACC,1
Cdkn2a,AAGGGGCTTCCACGAAGGTAG,1
Cdkn2a,AACGAGGTTTGCAGAAATCCG,1
Unknown Target,ANTNTTTTTCCANCAANTTGN,1
Atm,AAAGCATTTTCGTAAAGATCG,1
Rb1,AAAAGTCGTCCGAGAATAACG,1
p53,AACGTCTTTAGCGTAAATTCC,1
Smad4,AATTGTTTTCNNTAAAGACGT,1
Cdkn2a,AACGCTTTTTTCCCAACCATT,1
Keap1,AATGCCTTCTCACAAATGTG,1
Lkb1,AANTGNNTTGCTACAAGAAGG,1
Keap1,AAGATCATTGTCCGAATTCCA,1
Spike,AATCTTTTNCCATCAAATTGC,2
Spike,AATCTTTCTCCATCAAATTGC,1
Unknown Target,AAGTATCTTGACTTAATGGNG,1
Rb1,ANTACGCTTCACGTAATGGGG,5
Unknown Target,AANTCGATTNNGTAAACACCC,1
Cdkn2a,AAGGAGGTTGTGGAA,1
Spike,AATNTTTTTCCATCAAANTGC,1
Setd2,AAGCGCCTTATCCTAACAACA,1
Rb1,AAATTCATTCTTTAAAGGGCA,1
Arid1a,AAGGACGTTTCACGAACGGAC,1
Unknown Target,AANNTTNTTAGNTNAACCNTT,1
Rb1,AATTCCTTTCATGAAAGTGAC,1
Unknown Target,AAGATATTGTTGGAACCGTAA,1
Arid1a,AACTAAGTTCCGGTAATGCTC,1
Arid1a,AACGCGATTGAATCAAGTGTC,1
Setd2,AACGACTTTAAATCAAATCCA,1
Lkb1,AACTGATTTGTACGAATAGTC,2
p53,AAGTAGGTTCTCGCAAGAGTG,1
Setd2,AATTGGATTTGTTGAAGCAGT,1
Lkb1,AAGTATTTTACACCCACGCTC,1
Arid1a,AAGTGACTTATACGAAGGGTA,1
Setd2,AACCAGTTTCGGCCAACAGCT,1
p53,ATATTAGCATAAAACCT,1
Setd2,ATCTTTTCCCGTAATT,1
Apc,ATCCGCATTCACGTAACAAAC,1
Rbm10,AATTAAGTTAGGTAAACTTCG,1
NT1,AATGGTCTTTACTAAAGTAGT,1
Apc,AAGTCCGTTTCCTTAAAGGGT,1
Unknown Target,AAGTCGATTTNNTAAACACCC,1
Neo1,AATCCTTTTGATGCAACAATC,1
Neo3,AATCCCATTCAGGGAATCGAG,1
Unknown Target,AANGCCGTTNTAGGAANTTNA,1
p53,ANGTATCTTGACTTAATGGTG,1
Cdkn2a,AAGGAGGTTCACGCAAGGTGT,1
Cdkn2a,ANGGAGGTTNTGGAAACGCAT,1
Spike,AATCNTNTTCCATCAAANTGC,1
Rb1,AATACGCTTCACGTAATNNNN,1
Keap1,AACTATCTTACACAAAATCTA,1
NT1,AAGAAACTTGTGGAAAGACAG,1
p53,AAGTTTGTTGTGGGAGGATGC,1
Lkb1,AAGTTCTTTGATTAAACATTC,1
Neo1,AATCCTTTTGTATCAACATGA,1
Neo1,AACACGATTATTCAAACACNT,1
Setd2,AATCACCTTATTGGACAAC,1
Setd2,AATGCTATTGGTCCAATCAGA,1
Atm,AATAGCGTTATACTAACTCTA,1
Neo1,AATGCCGCTTAATGAACTTTA,1
Unknown Target,AATNNNNTTCANGNANNNGGG,1
Atm,AAGCGTTTTGCCATAAGACGG,3
Apc,AAATGGATTCTCATAATGCAC,1
Lkb1,AANTATTTTACACCAANGCTC,1
Neo2,AAGAGGATTACATGAAGCTNG,1
Unknown Target,ANTTGTTTTNGNNAAAGANGT,1
Cdkn2a,AAAGNATTTCTNNNAAAATAA,1
Neo1,AATCACGTTTTCCCAAATAGA,1
Apc,AACTCTCTTCATTAAATGACC,1
Neo3,AACCATCTTTGCAAAACTCAG,1
Lkb1,AATCTTTTTGGGTGAACCGAC,1
Unknown Target,AGCGGATTATCGAAAGCTNG,1
Neo3,AAGAAGTTTATGTGAATCGGG,1
Unknown Target,NANACNCTTCNCGTAATGGGG,1
Cdkn2a,AAAGAATTCCTCTGAAAATAA,1
p53,AAGAGTTTTTAATAAAGCCTC,1
Unknown Target,AAGTNCTTTGATTAAACATTC,1
Smad4,AAGCGTGTTGGATCAAGAATC,1
Rb1,AATCTCGTCTCGGAACGGTA,1
Rb1,AAGACTTTTCTNTAAATATCC,1
Smad4,ANTTGTTTTCGGTAAAGACGT,2
Neo1,AATTNTTTTCGGTAAAGACGT,1
Neo2,AACACGATTGGAGAAACTACC,1
Cdkn2a,AAAGAATTTCTCTGAAANNNA,1
Neo3,AATGTGGTTCAAACAAATGTT,1
Arid1a,AACGGCGTTAGCCCAATTAAG,1
Apc,AAGTTTCTTCCGCAAATGTTG,1
Lkb1,NACTGTGTTGCTACAAGAAGG,1
Apc,AAGGTTGTTCCGCAAAAGCAG,1
Rbm10,AACGTCNTTGGATCAAGGGTC,1
p53,AATGGAATTTCCCGAATAGTC,1
Smad4,AATTNTTTTNGGTAAAAGANGT,1
Setd2,AAGTATTTTCCCGTAACTAAC,1
Rb1,AACAATCTTCTTTCAATTTCG,1
Lkb1,AAGTACTTTACACCAACGCTC,3
Lkb1,AACTGTGTTGCTANAANAANG,1
Spike,AATNTTTTTCCATCAAATTGN,1
Rb1,AATGATCTTACTAGAATTCCC,1
Neo1,AATCTAGTTGATAGAACAGCG,1
Neo2,AACTCTCTTATACTAATNGGT,1
Atm,AATCTCCTTCCGTCAAGATAA,1
Lkb1,AATCACNTTGCTTGAACTACA,2
Spike,AATCTTTTTCCATCNAATTGC,1
Cdkn2a,AAAGAATTTCTCTGGAAATAA,2
Unknown Target,AATCATGTTCGGCTAACAAGC,1
p53,AATTCGATTAGTTAAAGGGAT,1
Rb1,AATAATCTTTGNAGAACACTG,1
Arid1a,AAATCCCTTCTCGGAAGGTTC,1
Lkb1,AAGACATTTATTTTAATGGAT,1
Keap1,AAGTTTTTTTGCAGAAACCTG,1
Spike,ANTCTTTTTCCATCAAATTGC,3
Neo1,AACAGCTTTGACGCAATTCTG,1
Unknown Target,AAGNAGGTTGTGGGAACGNAT,1
Cdkn2a,AACCCCGTTATTACAATAAAT,1
NT1,AAAGAATTTCTTTCAAATGAT,1
Atm,AAGGGCTTTACCTCAAATGTT,1
Lkb1,AANTNTGTTGCTACAAGAAGG,1
Setd2,AATTCCCTTAGCGTAAACATC,1
Lkb1,AACTTTTTTGTTGAAAGTAAC,2
Unknown Target,GCTTAATTCAATTAGA,1
Spike,AAGTCGATTTGNTAAACACCC,1
Lkb1,AATCACTTTGCTTGAACTACA,1
Rb1,AAGCCTATTTAATAAAAGGGA,1
Arid1a,AACAAGATTCATCTAACCAAG,1
Apc,AATACCCTTTTCGAAATGATT,1
NT1,AAATACTTTGAATTAAGACGG,1
p53,AACCATTTCTGTCAATATAG,1
Rb1,AAGTGAGTTCTTGCAACGGAC,2
Neo3,AAGGGCTTTCGCTAAAGCAAA,2
Lkb1,AACGAATTTTTGCAAAAGACC,1
Rbm10,AAGGGCTTTACGGAAAAAAAC,1
Rbm10,AAAAATGTTCTACAAAGCAAG,1
Unknown Target,ACGCTTGCGAGAAACGTC,1
Cdkn2a,AACCTCATTCTCTAAACGTCG,2
Neo3,AAATACGTTTAGAGAACGAGA,1
Rbm10,AAGCACATTCCTGCAATGATG,1
Spike,NACNNNNNTCTAGGAATTTCA,1
p53,AAGAGGGTTCCGTAAATAGAT,1
Lkb1,ANCTGTGTTGNTACAAGAAGG,1
Rbm10,AATCGGATTAATTGAAGTGAC,1
Cdkn2a,ANGGAGGNTGTGGAANCGCAT,1
Cdkn2a,AAGGAGGTTGTGGAAACGCTC,1
Apc,AAGGGTTTTCGCGGAAGATCC,1
Neo3,AAAGCCATTGGGGTAAATAGC,1
Cdkn2a,AAACCCCTTGGTCCAAACGGA,1
Apc,AACGGCATTCCGTGAATCGTA,1
Unknown Target,ACACGGTTAGGGTAACTATT,1
Rb1,AATACGCTTCACGTAANGGNG,1
Neo3,AACGCAATTTCTGAAAGGCAA,3
Spike,NANCTTTTTCCATCAAATTGN,1
Atm,AAGCATATTGCTTCAATGCCT,1
Lkb1,AAACTACTTTCCCCAANAGTG,1
Spike,ANGCTAATTGACGAAAGGCCT,1
Lkb1,AAGTATTTTACACCAACGNTC,2
Spike,AATCTTTTTNCATCAAATTGC,2
Lkb1,ANCTGTGTTGCTACAAGAAGG,5
Lkb1,AAGTNTTTTACACCAACGCNC,1
Rb1,ANGCTCCTTCAACCAAAGGGC,1
Unknown Target,AATTGTTTTCNGTAAAGACGT,2
Unknown Target,NNTCACCNTGCTTGAACTACA,1
Lkb1,AATCANTTTGCTTGAACNACN,1
Setd2,AACTCTTTTTTCAAATGATC,1
Unknown Target,TCGGCCAAAACCC,1
Lkb1,AATCTCTTNCAAANAANAACA,1
Unknown Target,TAATCNCCTTGNTTGAAACNACA,1
Lkb1,AATTTATTTGGGTGAAGGGGT,1
Spike,ANTCTTTTTCCNTCAAATNGC,1
Unknown Target,AATTNTTTTNGNTAAAGNCGT,1
Neo2,AACAGTCTTCGTCTAATCTCC,1
Keap1,AATCGGGTTTCCCGAAAGATG,1
Rb1,AAACGGGTTCATTCAATAAAT,1
Lkb1,AAAGGGTTTACTCCAAACATT,1
Cdkn2a,AAANAATNTCTCTGAAAATAA,1
Neo3,AAGATTATTAAAATAAATTAG,1
Lkb1,AATGACTTCCACCAACCTCG,1
Smad4,AACACGTTTTACCAAATACTA,1
Rb1,AAATTGAATTACGGCAACGCTC,1
p53,AAACCCTTTCGCGGAACTGCG,1
Lkb1,AAAATGGTTGGTGAAACTAAT,1
Cdkn2a,AAAGAATTTCTCTGAAGATAA,1
Atm,AACATCATTATGTTAAAGGCTA,1
Keap1,AAAGGACTTAAAAGAACCGTA,1
Atm,AATTTGCTTGTATCAAAAGGA,1
Neo2,AAGGCTGTTGCGCCAAGAGTG,1
Atm,AACAGATTTTGTAAAACTACT,1
NT1,AANTTGNTTGNTGTAATAGGC,1
Keap1,AAACGCTTTTTGCCAAGCTCG,1
Keap1,AACCATATTCTATCAATACCA,1
Smad4,AAGTCAATTCTTAAAAATCTC,1
Keap1,AAAACAGTTACNAAAANACAT,1
Atm,AAAACGCTTCCATCAACCGCG,1
Setd2,AAGGACCTTCCGTGAATATAG,1
Smad4,AATTGTTNTCGGTAAAGACGT,2
Rb1,AACCGGCTNAGTGGANACCAC,1
Atm,AAGATCCTTTCTTGAAAAGCC,1
Apc,AAGGACGTTCCAGTAACCCAA,1
Spike,AATCCTTTTCCATCAAATTGC,1
Rb1,AATACGCTTCCCGTAATGGGG,1
Apc,AAACCCCTTGAACGAAGGCAA,1
NT1,AATTTTGTTAGTCAAACAAGG,1
Neo3,AATAAGGTTTTTACAATAGCC,1
Rb1,AATACGCTTCACGTAATGGGA,1
Rbm10,AAGTATCTTCGGCTAAC,1
Rb1,ANTACGNTTCACGTAATGGGG,1
Unknown Target,AACCTGTTCGGCAAAAGGGCA,1
Lkb1,AATCACCTTNCNTGAACTACA,3
Cdkn2a,AACAACGTTGACCGAATGATC,1
Smad4,AATTGTTTTCGGTAAAGTCGT,1
Spike,AATCTTTTTTCNTCAAATTNC,1
Apc,AAGGTTGTTCGCCGAACACAG,1
Cdkn2a,AATCGCGTTTGGGTAAACCAA,1
Keap1,AACGATTTTTGTAAAATTGAG,1
Unknown Target,ACTAGCTTATGCCAATGGAA,1
Unknown Target,NANACNNTNCACGTAANGGNG,1
Neo1,AAAAAGTTTAGTTGAATAACC,1
Unknown Target,ATTTAATTGGAATGCCCAAGA,1
Smad4,AAAGCCGTTCGCGTAATGGGG,1
Lkb1,AACCGACTTAGGTTAAAAAGC,1
Unknown Target,AAGCACATTTTTGCAAAAAGG,1
Rb1,AAGCGTGTTCTGAGAATGTTT,1
Lkb1,AAACTATTTAGTGGAATTAAT,1
Arid1a,AAGGCAATTTCGTTAATCACC,1
Neo3,AATTATCTTAGTTAAACCGGC,1
NT1,AATTAATTTTATTAAAAGGAT,1
Rb1,AAGGCAGTTGGCTAAATCGCC,1
p53,AGCGATTTGGCGTAAAGCG,1
Setd2,AAGCCTTTTCGCNGAAGTACA,1
Neo2,AAGCGAGTTCCAGCAAGCCCC,1
Lkb1,AACTGTGTTGCTACAAGAANG,2
Arid1a,AACACCCTTTACGGAAAAATG,1
Rb1,AAGCACGTTCTGTGAACCCGG,1
Cdkn2a,AAGTGTTTTACTGTAAGTGCT,1
Unknown Target,AATNCGCTTCACGTAATGGGG,1
Cdkn2a,AAATTAATTAGTCTAATTATC,1
Unknown Target,ATCCCTTTACACGAAGCGAG,1
NT1,AAATTGCTTGCNGTAATAGGC,1
Cdkn2a,AAGGAGGTNGTGNAAACGNAT,1
NT1,AAGTCGTTTAGCTGAAACGGT,1
Rb1,AAGGTATTTTGTCCAATANAG,1
Lkb1,AATCACCTTGCTTGAACNNCA,1
Atm,AAAATTGTTTCCGTAAGTGCC,1
Arid1a,AAGCGAGTTCTTGGAACCGCA,1
Arid1a,AACGTTCTTGTTAGAACTGCA,1
Rb1,AATACNCTTCANGTAATGGGG,1
Spike,AAGTCGATT,2
Rb1,AATANGNTTCACGNAATGGGG,1
Cdkn2a,AATGGATTAGAGTAACGAAC,1
Setd2,AAATTTCTTCGCGTAAGTCCA,1
Cdkn2a,AAGGAGGNTGTGGAAACGCAT,3
Lkb1,AACTGAGTTTGAGTAATTTAC,1
Setd2,AACATCTTTCGACGAATAAAT,1
Rb1,AATGCCCGCT,1
NT1,AACTGTCTTTTTATAAGCGCT,1
Neo2,AAACCCGTTCGTAGAATGAGC,1
Neo2,AAAACTGTTATCTTAAACCGG,3
Keap1,AATCCTCTTGGGACAATGTTT,1
Atm,AAGAAAGTTCNTCTAATCCTC,1
Unknown Target,GAACTCACTTTTGCCAATTGTT,1
Apc,AATCAGCTTTGATCAATAATC,1
Smad4,AAAGCAATTATGGGAACTTCT,1
Unknown Target,AANNTTTTTCNNTCAAATTGC,1
Rb1,AATTGGCTTGAAGTAAGCCTC,1
Setd2,AAGCCGATTGCGGCAACGTT,1
Arid1a,AAAATCGTTTGGTCAAGTGGT,1
Neo3,AANTGGTTTATCACAATNTAG,1
Arid1a,AACATTGTTCGTGAAAATCCA,1
Setd2,AATTATATTTGTATAACCAAT,1
Apc,AAGACTTTTCCTCAGAAGTCTC,1
Rb1,AAACCCATTCCAACAATCCCT,1
Cdkn2a,AACCACCTTTACTGAACCTCG,1
Lkb1,AAGTATTTTACACCAACGCCC,2
Lkb1,AAGCCCTTTCTAACAAGTCCA,1
Apc,AAACGATTTTACCCAACCGGG,1
Rbm10,AATTCCATTTAATCAACGAGT,1
Smad4,AAGTGGGTTCATTCAACAAAC,1
Lkb1,AACTGTGTTGCTACAAGGAGG,1
Rb1,AACCTCATTCGAGGAACCTNG,1
Apc,ACCTTCTTGTCTCAACACTC,1
Lkb1,AATCANCTTNCTTGAACTACA,1
Neo1,AATACGATTTATTCAAATTGT,1
Neo1,AAGNNGTTTTGTGCAATAANC,1
Rb1,AAGCCGCTTATACCAAGGGCC,1
Smad4,AATTNTTTTCGGTAAAGACGT,6
Cdkn2a,AAAGAATTTCTCTGAAAANAA,2
Lkb1,AACNGTNTTGCTACAAGAAGG,1
p53,AAGTATCTT,1
Spike,AAGTTTGTTTCGGGA,1
Arid1a,AACAGCGTTGTTAAAATACAG,1
Keap1,AACCTCATTATTTGAATGTGG,1
Apc,AATATGATTTGCGAAAGAACA,1
Unknown Target,AANTGTNTTGCTACAAGAAGG,2
Setd2,AACGTCATTAAGGTAATCCAG,1
Unknown Target,ANCGCCGTTCTAGNAATTTCA,1
Lkb1,AANCNCCTTNCTNNAACTACA,1
Smad4,AAGTCGGTTGAGCGAAATGCA,1
Setd2,AAGCGTCTTCTGGTAACGAAG,2
Apc,AACCAACTTGGGTCAAAGGTG,1
Setd2,AATCTTCGGTAAATGGGA,1
Neo3,AACGGCATTATGAAAACTGTT,1
Cdkn2a,AATGCTATTAAAGAAAACGGG,1
Apc,AAATGCTATCAAAATAA,1
Setd2,AACTCAGTTACTCTAA,1
Setd2,AAAGCGATTATTGCAACACCA,1
Smad4,AAGCTCTTTTCGCCAATCCAG,1
Apc,AACAGCGTTAGTACAACGTTC,2
Neo3,AACTCGTTTGGTCGAATCAAC,1
p53,AAGCGTTTTAAAGGAAAGTTA,2
Smad4,AAAGGTCTTCCCGTAATGAGT,1
Smad4,AATTGTTTTCGGTAGAGACGT,1
Apc,AAACGCATTCGATAAACGTTCG,1
Setd2,AAACGAGTTGTTTTAACATCA,1
Apc,AATAGAGTTCCTCTAAGCCTC,1
Neo2,AAGGTAATTTCGTGAATTAAG,1
Setd2,AACCACGTTCTCACAATTCCG,1
Lkb1,AACGCATTTTTTTTAAGCTCA,1
Rb1,AAAAACATTCTCTGAATC,1
Neo2,CGATTTACTGAAGTCGA,1
Spike,AATCTNTTTNCATCAAATTGC,1
Atm,AACTGTGTTCGAGCAAACTCC,1
Setd2,AACATTTCCCCTAATCATT,1
Neo1,AACGCGGTTACCGTAACATGT,1
Smad4,AATTGTTTTCGGTAAAGACGC,2
Unknown Target,AATTTGGTTGCCGCAANCATA,1
Neo3,AAAGNCNTNNTGGNAACGNNN,1
NT1,AACCCAGTTGAATTAAAGAAC,1
NT1,AAAGAATTTCTTTTAAACGCT,2
Keap1,AAGTTCGTTGGGCGAACGCGG,1
Setd2,AATGGTTTTCACGCAAATAGG,1
Neo3,AATATACTTACGCCAACCTCC,1
Keap1,AATCGGATTTGCTGAAAGGCG,1
Neo2,AAAGGCTTTAAGACAAGACCT,1
Setd2,AANTTCATTTTCCCAACGGGC,1
Cdkn2a,ANGGNGGTTGTGGAAACNNAT,1
Lkb1,AATTTGTTTTTACAAAGGTCG,1
Neo3,AATTCATTTAACCGAATGTTC,1
Cdkn2a,AACTTGGTTTCGTTAAGGGCC,1
Lkb1,AATCNCCTTGNTTGAACNACA,1
Atm,AAGGGCTTTCCGCTAACACCG,1
Neo3,AATCCGCTTTCATAAATGTA,1
Cdkn2a,AAGCCCATTGATTCAACTCGC,3
Rbm10,AATGACTTTACCGGAACCGTC,1
Rbm10,AAGGGCNTTGTCGNAATCGGG,1
Neo1,AATAATGTTCGGGTAATCGTT,1
Apc,AAAACGCTTGGCCCAAAGGAG,1
Neo3,AAGATTCTTCTGTTAACGCTA,1
Unknown Target,ATTGTGTTCGGTTAACTGGCA,1
Neo3,AATTGTATTAATCTAATGTCC,1
Rb1,AAATGTTTTAGACCAAATGCT,1
Smad4,AAACGACTTATTATAACTGAG,1
p53,AAGCGTTTTTCAACAATGAAG,1
p53,AAGGAGGTTGTGAAAAGTGCT,1
Neo1,AATATCATTCTACAAATTGCT,1
Neo1,AAGGTTTTTATCGGAATCCGA,1
Setd2,AAACAGATTTGTAGAAGCTCG,1
Lkb1,AACTGTGTTNCTNCAAGAAGG,1
Apc,AAGTCTCTTCAGTAAACCCCA,1
Keap1,AACAGACTTGAGCAAACATCC,1
Neo2,AACCGCATTATAAAAAGGGCT,1
Setd2,AAGTGGCTTTTAGGAACCTCA,1
Neo3,AACATCGTTCAACAAAGCCTG,1
Rb1,AACCCGTTTACCCCAATGGGG,1
Unknown Target,AATAATNTTTNAANAACACTG,1
Smad4,AATTGTNTTCGGTAAAGACGT,1
Unknown Target,AATCACCTTNNTTNAACTNNA,1
NT1,AAATTGNTTGCTGTAATAGGC,1
Cdkn2a,AACGCCCATTCAGCGAAAGTCG,1
Neo3,AACGGCGTTTGTCCAAGTCCT,1
Apc,AAGTAGCTTATGTCAAGTCAC,1
Neo3,AATACACTTCGGTGAAGTCAG,2
Smad4,AAACTATTTTTCGCAAAGGCG,1
Neo3,AAGCTCGTTGGGTGAAATTGT,3
Neo1,AAATCATTTCGGGAAAGATTC,1
Neo1,AAGTNTTTTTGTGCAACCGGT,1
Lkb1,AATCNCNTTNCTTGAACTATA,1
Setd2,AACGGAATTTTGCTAAGCAAC,1
Keap1,AAGTCCGTTGGGGGAAGCAGA,1
Arid1a,AAGTCTGTTTCGCTAACCATT,1
Arid1a,AATAAGCTTACAACAAAACCC,1
Apc,AATATGTTTCAGTAAACGGCG,1
Arid1a,AACACACTTCCTCGAATCG,1
p53,AATCCCGTTTAGATAAAATGT,1
Apc,AATCTATTTGTGCCAACACAG,1
Neo2,AATACGCTTGCTTCAAAGGCCT,1
p53,AACGTTTTTGTGTAAACCAGC,1
Unknown Target,AAGTNCATTCTAGG,1
Neo1,AATGTGTTTGTCAGAAGACGG,1
Apc,AAGATAATTCTCAGAACTCAG,1
Lkb1,AACTGAGTTGCATGAATGGCG,1
Rb1,AATACGCTTCACNTAATGGGG,3
Unknown Target,ANNTATTTACACCAACGCNN,1
Setd2,AAGCATGTGGCTCAACGGGT,1
Smad4,AAGCTTATTAATCTAAGGGGC,1
Lkb1,AATTGCTTTCTCACAATTACG,1
Atm,AAGGGCGTTCCGAGAACCGGT,1
Spike,AATCTTTTTCCATNANNNTGC,1
Lkb1,AATCNCCTTGCTTGAACTANA,1
Neo3,AACTTTCTTAAGTTAACACCA,2
Lkb1,AATATCGTTTTAGAAATTGAC,1
Setd2,AATGACGTTCTCNAAACAGAT,1
Unknown Target,AAGTNTTTNACACCANCGCTC,1
Smad4,AATCTACTTCTCGCAAGCGAG,1
Rbm10,AATCGGGTTGGATTAATTCCT,1
Spike,AATNTTTTT,1
Setd2,AAAACTGTTTAGTTAAGACCC,1
Lkb1,AAGTATTTTACACCAACGNNC,1
p53,AAGTTGCTTGTGTCAAAAACC,2
Lkb1,AACTGTGTTGCTGCAAGAAGG,1
Unknown Target,NATCTTTTTNCATCAAANTGC,1
Cdkn2a,AANGANTTTCTNTGAAAATAA,1
Neo1,AATTCAGTTGTTTAAAGCCCG,2
Neo3,AAAGGAGTTATGATAATTATC,1
Unknown Target,ANTNNNTTTCCATCAAATNGC,1
NT1,AAGATTTTTACTGCAACTCGG,1
Spike,NACGCCGTTCTAGGAATTTCA,2
Neo3,AATCTGTTTGTTACAAAGAGC,1
Neo1,AATATAATTCACAGAAGATTG,1
Neo3,AAATACTTTATCTCAAGGTCC,1
Atm,AATCATATTCCTACAAGCTCT,1
Unknown Target,GATTGCCGCAATCCAG,1
NT1,AAATTGCTTGCTGTAATAGGT,1
Lkb1,AAGGGTATTCCGGCAATTAAT,1
NT1,AAGCGCTTTTCATTAACCCTA,1
Cdkn2a,AACCGAATTCGACAAATAAAT,1
Smad4,AATCGAATTAGGCAAAATAGG,1
Unknown Target,AAAACTTTTCCCGAAAGGCGG,1
p53,AACGTGCTTATGGCAACTTGT,1
Setd2,AAGCCGTTTATGTGAAGGGCT,1
Unknown Target,TANNCACNTTGNTTNAANTACA,1
Rb1,NATACGCTTCACGTAATGGGG,2
Unknown Target,AAAGGGGCTTTTGATAAGGAGC,1
Setd2,ANCCCGCTTTCTCGANGTGTC,1
p53,AACCTCGTTGCCCGAATTCAT,2
Lkb1,AACTATGTTGCATCAACACCC,1
p53,AAATGTCTTGTCGTAATTTCG,1
p53,AAGAGCTTTGACTGAAAGCGG,1
NT1,AAGCTGCTTAGTTTAAACTAG,1
Apc,AACGCGGTTGTGGTAATCCAT,5
Rb1,AATACGCNTCACGTAATGGGG,3
Arid1a,AAACCAGTTGCTTAAAACCCA,1
Neo2,AACTTCTTTCGGGGAAAGTTC,1
Neo2,AAGACTCTTACAAAAAAGTTG,1
Keap1,AAAGATCTTGAAAGAACGTCC,1
Rb1,AAGTTGCTTTAAGGAACGGCC,1
Unknown Target,NAGGAGGTTGTNGAANCNCNT,1
p53,AACATTTTTGGGCGAAGTGCC,1
Spike,AATCTTTTTCCATCAAATTNC,2
Spike,ANTCTTTTTCCATCAANTTGN,1
Cdkn2a,AANGAAATTTCNCTNAAAANAA,1
Cdkn2a,AAGGAGGTTGNGGAAACGCAT,3
Cdkn2a,ANAGAATTTCTCTGAAAATAA,1
Cdkn2a,AAGGAGGTTATGGAAACGCAT,1
Rb1,AATTCACTTGCTGTAAGCACT,1
Rb1,AATACGNTTNACGTAATGGGG,1
Rb1,AACCTCATTCGAGGAACCTTG,1
Atm,AACAGTCTTAGGGCAAGCCTC,1
Keap1,AAATGTGTTGGCGCAACTGAG,1
Neo2,AACTCGGTTCGGCGAATGGTT,1
Unknown Target,ACCGACTGCGTCAAGGACG,1
Smad4,AAGAGTCTTGCTTGAACCGCT,1
Setd2,AACTATATTCTGCGAATCGAA,1
NT1,AAGCTCGTTAACCCAACAATG,1
NT1,AAGTCTCTTGAGGTAATTGGT,1
Neo1,AAATAAATTGGGATAATGGAA,1
Lkb1,AAAGGTCTTAGATTAAACGCA,1
Smad4,AACACGTTTCCTCAATGGTA,1
Lkb1,AATCTAGTTCCCGCAAGATTG,1
Neo2,AATCCACTTGTGCGAAAGAAT,1
NT1,AATGGGCTTACTCTAACTGGA,1
Rb1,AATNCNCTTNACGTAATGNGG,1
Spike,AACGCCGTTCTAGGAGTTTCA,1
Setd2,AATGCATTTGCCTCAAATCCA,2
Neo3,AAAACTCTTACAACAACACAA,1
Neo1,AAACTTATTATTGAAAAACAG,1
Unknown Target,ACTTAGTTACTACAATGCCT,1
Cdkn2a,AAACCGGTTCACAGAAGCATG,1
Unknown Target,AATNANCTTNCTTGAACTACA,1
Cdkn2a,AAGGAGNTTGTGGAAANGCAT,1
Atm,AATGGGCTTTGCCCAACCCCG,1
Lkb1,AATCACCTTGCTTNAACTACA,2
Cdkn2a,AAGGAGGTNGTNGAAACGCAT,1
Unknown Target,AATCTTTTTCCNNCAAATTGC,1
NT1,AAGTCATTTTGATTAAGTTAT,1
Setd2,AAGGGTCTTCCGTGAACCGTC,1
Neo2,AAGACTGTTGACATAACCCCA,1
Atm,AAGGGCGTTAAATCAATGTCN,1
Lkb1,AACTNTGTTGNTACAAGAAGG,1
Cdkn2a,AAGGAACTTCAGCGAAAACNT,1
p53,ANGTATCTTGACTTAATGGNG,1
Cdkn2a,AACACGTTTACCTCAAGCAGC,1
Arid1a,AAGAATGTTCGGCGAAAATAC,1
Setd2,AAATGAGTTGGTTAAAGACCG,1
Spike,AATCTTTTTNCATCAAATTNC,1
Rb1,AAACCTGTTACTAGAACACAA,1
p53,AATCCTGTTGTAGAAAGCTTC,1
Lkb1,AAGCTCGTTTACATAATTGTA,1
Arid1a,AAGCATTTTGATCGAACCTTG,1
p53,AAGTATCTCGACTTAATGGTG,1
NT1,AAATTAATTATGTTAAAGTAC,1
Apc,AACACACTTTGTTAATTCTC,1
Smad4,AATAAATTTGAGCCAAAAGCG,1
Neo3,AATATTCTTCAACTAATTACG,1
Neo3,AAGGGAATTGAACGAACCCGG,1
Apc,AAAGTATTTACGTGAAACTTC,1
Atm,AAATNGTTTACGAGANTCTCG,1
Apc,AACGTGATTATGGTAAGTCCG,1
Lkb1,AANCTTGTTGACCGAATGTAT,1
Lkb1,AAACGTCTTCCAACAAGTCAA,1
Smad4,AAAGAGGTTTCTTCAAAGCTA,1
Keap1,AACCAGGTTTGGACAATCGCT,1
Setd2,AACTTTATTAAGTTAAAGAGC,1
NT1,AAGATTGTTCTTGTAACTCTC,1
Spike,AATCTTGTTCCATCAAATTGC,1
Spike,ANTCTTTTTCCATCAAATNGC,1
Neo2,AATCAACATTTATGTAAGAAGG,1
Keap1,AAGAACGTTCCCCGAAGTGCA,1
Setd2,AAAACCTTTACCAAAAAAACT,1
Keap1,AACCCCTTTCCACCAAGGACC,1
Unknown Target,ANGGNGGTTGTNGAANCGCAT,1
Rb1,AAGCGTATTAAATAACAAAC,1
Smad4,AACGTCGTTTGTACAATAAGT,1
Atm,AAAGCTGTTCCCAGAATCACT,1
Neo3,AATCTAATTAGGTAAAGAACG,1
Setd2,AATAGTGTTTGCACANTGGGT,1
Neo3,AATATTATTTAGTAAATTTCG,1
Apc,AAGAAACTTAGTAAAATACAG,1
Spike,AATCTTNTTCCATCAAATTGC,2
Rb1,AAAGAGATTAAAAAAACTCCT,1
Cdkn2a,AATGAGGTTAGCTAAATAACT,2
Apc,AAATCATTTTGA,1
Neo2,AACGCTTTTAGGACAAGGCAG,1
NT1,AACAGTATTGTTAAAATCGAA,1
Apc,AAGGCACTTGGACTAAGGTCC,1
Keap1,AAGGGTCTTGACCCAAGCCCC,1
Cdkn2a,AAGGAGGTTGTGGAAACNNNN,1
Smad4,AATTGTTTTCGGTAAAGNNNN,1
Smad4,AAAATTTTTCGAACAACGCTG,1
Lkb1,AACCAGGTTAAGTGAATTTAA,1
Unknown Target,GAATGTGTTTGCCAGAATGGCC,1
Unknown Target,AANGCCNNTNTNNGAATTTNA,1
Spike,AACGCCGTTCTAGNAATTTCA,1
Neo2,AAGGCACTTTGGATAAAGCTT,1
p53,AAAGTCGTTGTTGAAACCTCG,1
Apc,AACGCAGTTACGGGAACGAAG,1
NT1,AATTCGTTTGCGGTAAGATGT,1
Neo2,AAAATCATTAAGCAAATCTCC,2
Rbm10,AAACTTGTTCAGCCAAAGGCC,1
Arid1a,AACACCATTACATAAAGAGTT,1
Neo3,AAAACGCTTGCTTTAATTCAC,1
Setd2,AAGGCAATTGAACAAAGGCCA,1
Cdkn2a,AATATTTTTTGGGGAATNGTT,1
p53,AACTCGTTTGAGGGAACATGC,1
Apc,AAACGTTTTAAGGTAACGACC,1
Lkb1,AATCTACTTGATTGAACCCTC,1
Unknown Target,ATCTCCTTGCAAGAATGATC,1
Apc,AGAATCGTTTCTCAAAGAACG,1
Rb1,AATACGNTTCACGTAATGGGG,2
NT1,AAGCGCGTTTCTCGAAGTATG,1
Smad4,AATTGTTTTCGGTAAGGACGT,2
Neo1,AAGGGGTTTATTTCAAGGATC,1
Smad4,AAGGTTTCTTATGGGAACGTCT,1
Atm,AACACCGTTTCTGGAAGAGAT,1
NT1,AATCAGTTTAACCTAAACGGC,1
Setd2,AACGCTATTCGGCTAACTATT,1
Neo3,AAGCAGATTGTGTCAATGTAG,1
Cdkn2a,AAAAACGTTTTGTCAATCAAA,1
Setd2,AACCAACTTATGGCAACTCAT,1
Setd2,AAGAGCCTTAATTCAACCGAC,1
Smad4,AAGGACTTTGTGCGAAGTAGT,1
Neo2,AAAGCTGTTGATCAAAGCGTT,1
Lkb1,AAGTTTTTTCGACAAAGCGGA,1
Setd2,AAGAGACTTTAGAAAAGTAGT,1
Smad4,AATCGTTTTCGGTAAAGACGT,1
Cdkn2a,AANGAGGTTGTGNAAACGNAT,1
Cdkn2a,ANGCAACTTGCCACAACTGGC,1
Spike,AATCTTTTTCCANCAAATNGC,1
Neo1,AAANTACTTGTACAAAACTCA,1
Apc,AACGATCTTACTGGAATGCGT,1
Unknown Target,GTCTTCCTTGAATCACG,1
Unknown Target,TAATNTTTTTNNATNANNTNGC,1
Setd2,AAATTTGTTGCCCTATTCCC,1
Cdkn2a,AATGCCGTTGGTTCAACGGTA,1
NT1,AATTGGTTTTCGTCAATAGAA,1
Unknown Target,AANCACCTTGCTTGAACTANA,1
Apc,AACACGGTTGATCCAAATCGT,1
NT1,AATGGAATTGGCAGAATTTGA,1
NT1,AATATTATTCTGACAAGCGAC,1
Smad4,AACTTCGTTCTAGAAACTCCA,1
Smad4,AACATCATTTCCCCAACACAG,1
Neo3,AATCGTATTGAGAAAAAATTT,1
Neo2,AAATCGGTTCGGCAAACTAGG,2
Arid1a,AAAATACCTTGTGTCAAGTAGA,1
Lkb1,AATCNNCTTGCTTGAACTACA,1
Rb1,AATACGCTTCACGTAATGANG,1
Neo2,AAAGGCCTTCTGGCAAGGCGC,1
p53,AAACCCTTTCGANGAACTGCG,1
Neo1,AAACACGTTTCTTTAATTTCA,1
Rb1,AATANGCTNCACGTAATGGGG,1
Spike,AATCTTTATCCATCAAATTGC,1
Unknown Target,AATNGGNTTATAANAAGTGTG,1
Lkb1,AATTCTGTTGGATCAAGCATA,1
Keap1,AATGTGGTTCCCATAACGGTT,1
Smad4,AATCACCTTAGACCAAGGTCG,1
p53,AACCAACTTGGGGAAATGAGC,1
Lkb1,AAACGCCTTCGCCAAAACGAT,1
Spike,ANTNTTTTTCCATCAAATTGC,1
Keap1,AATCTATTTAACATCAAGGCCC,2
Unknown Target,AACTGTGTTGCTANAAGAAGG,1
Rb1,AAGTAATTTTAAGGAATTCAC,1
p53,AAGATTTTTCTGATAAGTTAC,1
Lkb1,AATCNNCTTGCTTGAACNACA,1
Rb1,AAGGCAGTTCGGCCAATGATC,1
Arid1a,AAAAGATTTGGAGAAAGGGCA,1
Rbm10,AAGCCGGTTCATGTAAGGCCC,1
Spike,AACGCCGTTNTAGGAATTTCA,1
Keap1,AATTTCATTGTCCCAATGCAG,1
Spike,AAGTCGATTTGGTAAACACNC,1
Neo2,AACTTCATTCCTCCAAACACT,1
Cdkn2a,AACCTTCTTCCAGGAAAGACC,1
Lkb1,AAGCAAATTACACAAAAAACC,1
Unknown Target,AAANNTTTTNCNTNAAANTNN,1
Unknown Target,AAANAANTTNTCTNAAAANAA,1
Lkb1,AAAAGCATTGATACAAATCCC,1
p53,AAGGAACTTCTTTAAAGGAAC,1
Apc,ACCTCTATTGGTCCAAGCGTG,2
Neo1,AAGTTGGTTTTCTAAAAAAAG,1
Rb1,AAGCCAGTTAACCAAATTTAG,1
Neo2,AACCCCATTCCTCCAATACTT,1
Rbm10,AAATAAGTTGCAGCAAAACAT,1
Unknown Target,AANTNTNTTNANTTAA,1
Rb1,AACATGGTTGGGATAATTCTG,1
Unknown Target,AAGTNTNTTGNNTTAANGGNG,1
Arid1a,AATGGACTTGATAAAAGTTCC,1
Lkb1,AAATTCGTTTGACAAACCGTC,1
Cdkn2a,AACTCTATTCGTACAATTCGT,1
Neo1,AACGTCGTTCGACGAAGTGAA,1
Setd2,AAGCATGTTTGTNAAATACGT,1
Rb1,AAGGTGGTTTACATAAGGGGA,1
Smad4,AATTGTTTTCGGNAAANACGT,2
Rbm10,AAGTCTCTTTGGTAAACTGGA,1
Unknown Target,ANTTTNTTTNGGGAAANGCAN,1
Neo3,AATGTAATTGCGCTAATATCA,1
Rbm10,AAACACGTTGGCGAAACCGTG,1
Rbm10,AAACTTTTTCTAAAAAGTTGT,1
Neo3,AATTAGATTGGTGAAATGTGG,1
Neo2,AAACGGATTTGATTAAGTCTT,1
Apc,AAGGGCGTTCCTCCAAGTGCA,1
Neo2,AAAAAAGTTAAACGAATGGGC,1
Apc,AAAGAGCTTCCAATAAAGGGT,1
Atm,AATTGTGTTNTCACAAAGATG,1
Arid1a,AAGACCCTTTGCGGAACCTTC,1
Apc,ATTTGCTACAAAGTAA,1
Setd2,AAGGGCGTTAAAAGAAGATTC,1
Smad4,AAGTATGTTCCCAAAACAAGA,1
Lkb1,AAAACCCTAATACAAGACCG,1
Apc,AAAGAGTTTTGACGAATCTCA,1
Unknown Target,AATTTGCTTTGCNAAAAGTT,1
Apc,AATCGGCTTAGAGAAAGTAGC,1
Lkb1,AACTTGTTTAGACAACCCTA,1
NT1,AGTAGCTTACGGTAATTTGA,1
Setd2,AACCGCGTT,1
Spike,AACGCCNTTCTAGGAATTTCA,1
Smad4,AACACCTTTTTGTAACAGCA,1
Rbm10,AAGNATATTCCTACAAAGCGG,1
Neo1,AACGTTTTTGTCGTAATGTTA,1
Atm,AACACCGTTGTCATAACGACA,1
Unknown Target,AATACGCTTCACGTAATGGGG,2
Unknown Target,AANNCCGNTNTATNGAANTTCA,1
Lkb1,AATGATCTTATTGGAATGATC,1
Lkb1,AATCACCTTGTTTGAACTACA,1
Rbm10,AATAATGTTTACTCAAGAGCC,1
Rb1,AATCTCATTATGGCAAAACGG,1
Cdkn2a,AAAGAATTTCTCTGAAAATTGAA,1
Neo3,AAACTCGTTGCTTCAAATCAA,1
Arid1a,AACACCGTTCTTCAAACACGG,1
Neo3,AATTACGTTTCATGAAGAAAG,1
Rb1,AAGGTTTCCCTAAATACT,1
Lkb1,AAACTGATTCATGTAATTAAC,1
Lkb1,AANTNTTTTNCACCAANNCTC,1
NT1,AAATTGCTTGCTGTAATANGC,1
Cdkn2a,AACCACATTCTTGTAAAGGTC,1
Unknown Target,AAGTAAATTTCAATAAGCNTG,1
Cdkn2a,AAGGAGGTTGTGGAAACGCAA,1
Keap1,AATCGCCTTGGTATAATCGCC,1
Neo2,AAAGACCTTTGATAAAGTGTG,1
Apc,AAATAGTTTAAGTCAAACAGG,1
Keap1,AAGTACTTTCCACTAACCAAT,1
Unknown Target,AAAGCCGTTGGATAAAAAAGG,1
Lkb1,AAGTTGTTTTCGCTAAGTTAA,1
Smad4,AAGATGTTTAATAGAACTGCA,1
Apc,AAGATTATTTCCCGAATTGTC,1
Lkb1,AATCACCTTGCTTGAACCACA,1
Smad4,AATGTCTTTTACCGAAACGTC,1
Cdkn2a,AATTTCCTTTATNCAAACNCC,1
p53,AATCTTTTTTTGACAAGCTGT,1
Setd2,AAGAGCCTTCGCGCAACAAAG,1
Neo3,AACTTCGTTGTGGTAAACATT,1
Neo3,AAGTATCTTTATGTAACAATG,1
Spike,AATNTTTTTCCATCAAANNGC,1
Rb1,AATNCGNTNCACGNAANGGGG,1
Setd2,AAGTTCGTTCGTACAAGGGGT,1
NT1,AATGTTTCAGGAAATGCG,1
Rbm10,AATACGCTTCGACGAAGCACA,1
Apc,AATTTTATTGAAAAAAGACTC,1
NT1,AAGCCGATTGTGTCAACCCCC,1
Rbm10,AACAAGATTGGCAGAACGGTG,1
Neo2,AACTCTCTTATNCTAANNGGT,1
Arid1a,AAACTGTTTCGACAAACCAAG,1
Cdkn2a,AAATGGATTGTCTCAATTTAG,1
p53,AACACAGTTGTTTCAATCGAC,1
Smad4,NACACACTTGNGCCAAATTCN,1
Neo3,AATTTAGTTCCACGAACCTTA,1
Smad4,AATCCTGTTCATCAAACGTTA,1
Lkb1,AATCACCTTGCTTGANCNACA,1
Smad4,AAGGCCCTTCCTATAAATGGG,1
Neo3,AATCATGTTGATCTAAAGACT,1
NT1,AAGTCAGTTTAATTAAGGCTG,1
Neo1,AAGGTGTTTTGCTCAAAGAAA,1
Lkb1,AACTGTGTTGCTNCAAGAAGG,1
Cdkn2a,AAAGGGATTATACGAATNTAG,1
Lkb1,ANNTATTTTACACCANCGCTN,1
Lkb1,AAAGGTGTTATCAAAAATATA,1
NT1,AATTTTTTGACAAACGGTN,1
Apc,AATTTAGTTGCACCANACGAC,1
Setd2,AACTGTTTCGAAAAACTGTG,1
Atm,AACTGGTTTGATTGAAGAGGT,1
p53,AAGTATNTTGACTTAATGGTG,1
Cdkn2a,AAATCCTTTACTTCAACCCGG,1
Smad4,AATTGTTTTCGGTNAAGACGT,1
NT1,AAGACGGTTCAACTAAATAGT,1
Smad4,AAGGGGCTTGGGTGAATGGTA,1
Lkb1,GACTGTNTTGCTACAAGAAGG,1
Keap1,AATTTCATTTCATCAATCATG,1
Neo2,AAAGAGCTTTGCGGAACCACC,1
Neo2,AACCCGGTTCTGGTAATCTAC,1
Unknown Target,AAANAAATTCTNAAAATTNAA,1
p53,AACGGGATTCGTGCAAGGCAA,1
Smad4,AATGCCGTTAGCTTAATGAGT,1
Smad4,AAGGTACTTGTGTAAAGCAAT,1
Lkb1,AACTGTGTTGCTACAAGAGGG,1
Spike,ANCTTTTTCCATCAAATTNCA,1
Lkb1,AAGTTTCTTATCTTAATTATT,1
Cdkn2a,AAGCTGNTTCAGAAAACAAAT,1
Neo3,AACTGCTTTTCTATAATGTAG,1
Unknown Target,AAACGGGCTTTTCAGAATAACC,1
Apc,AAACATATTCCCCACAAGTACA,1
Cdkn2a,AAGGAGGTTGTGGAAACGCAC,1
Cdkn2a,AAGGANNTTGTGGAAACGCAT,2
Atm,AACTAGATTCAAGGAAATCAC,1
NT1,AAGTGTGTTACCATAATACTA,1
NT1,AACTGGTTTATAGTAATCCAC,4
Spike,AANCTTTNTCNANCAAATTGC,1
Neo3,AATCAAGTTATTCAAAAACA,1
p53,AAGTATCTTGACNNAATGGNG,1
Lkb1,AAGGTCTTTGTTCGAATTTAC,1
NT1,AACCGTCTTGTCAGAAGGGTC,1
Lkb1,ANCTGTGTTGNTACNAGAAGG,1
Setd2,AATTAGNTTNCCACAATCGCT,1
Neo2,AAATTCTTTCATAAATGATC,1
Cdkn2a,AAAGAATTTCTCTGAAAATAN,1
Smad4,AATCCGGTTGTGCAAAACAGG,1
Unknown Target,ACTGGGTTCACCGAATTTGGA,1
Unknown Target,AGATTATTGGAATAACAGTT,1
Keap1,AAGCGAATGTCA,1
Atm,AAACTGTTTAATCTAATGAAT,1
Keap1,AAACGCGTTGCTCTAACGTCA,1
Rb1,AAGCCCTTTTTCCGAAACATT,1
NT1,AACTCAGTTCCTGAAAAATTT,1
Neo3,AAGACCCTTGGCAGAACATCC,1
Neo3,AAGGTGCTTTCGTGAAGATCC,1
Arid1a,AATCAAATTGCTTGAACCGGG,1
Rb1,AAATGTCTTATTTCAACGAAG,1
Neo3,AAGGTGGTTATGGCAAAAACC,1
Cdkn2a,AATATGGTTTCGCCAAAATAG,1
Lkb1,AACGGACTTATCACAATCGGA,1
Cdkn2a,AAGGAGGTTGTGGGAACGCAT,1
Unknown Target,ANNTATTTTNCACCAACNCNC,1
Rbm10,AATCCCATTAATCTAACCGTC,1
Rb1,AATNCNCTTCACNTAATGNGG,1
Atm,AAACGGCTTGCCTGAATGGAC,1
Keap1,AAGTCGATTAGCCGAACTCGA,1
Lkb1,AACTGTNTNGCTANAAGAAGG,1
NT1,AACATCATTCTGAAAAGAAAA,1
Neo1,AATACTCTTCTGTCAATGGAA,1
Apc,AAGTCATTTCGTGCAAAACAC,1
Rb1,AATACACTTGTCCGAAACACT,1
Lkb1,AACTTTATTGCGTAAATCAAT,1
Setd2,AACGCTCTTAAGCGAAGCTCG,1
Rb1,AATTCGTTTGTCGCAATCGGA,1
Neo3,AATGAGTTTATCTTAACCAGT,1
Neo1,AACCGGGTTGACAAAAGTAAT,1
Setd2,AAAGGTATTGCCTTAACCGCC,2
Lkb1,AAATGCCTTCTCAGAACGGAA,1
Smad4,AACCAACTTACGGCAAGAATG,1
Keap1,AAGGGGCTTTGGAGAACTAAC,1
Smad4,AAANTCCTTGCGTCAACTGCC,1
Cdkn2a,AAGCCGGTTGTGAAAACGGCC,1
p53,AATCGTTTTAACATAACATCG,1
Atm,AACTGACTTGCTGAAATCTAC,1
Smad4,AATTGTTTNCGGTAAAGACGT,1
Neo1,AAGTACTTTTACAAAAACGTA,1
Neo1,AAGCTCATTATGAAAAGAATC,1
NT1,AATGCGATTGTATTAAAATTC,1
NT1,AATATTGTNTTAGCAAGTTNG,1
Spike,AATNTTTTTCCANCAAATTGC,1
Neo3,AAGGTATTTCAACTAATAAGT,1
Lkb1,AATCACCTTGCTNGAACTANA,1
Unknown Target,AATAATCTTTGAAGAACACTG,1
Neo1,AAGGTTATTCGAAAAACACGG,1
Atm,AAAACGATTCCACCAACTTAA,1
Smad4,AATTGTTTTCGGAAAAGACGT,1
Unknown Target,ATAAAGTNATCATAACCGGCA,1
Rb1,AACGATCTTCAGGTAACACAT,1
NT1,AACATTTTTACGTAAATCGCC,1
p53,AAGGGTCTTCCGACAAATCGC,1
p53,AAGAGGCTTCGTCTAACCACG,1
Lkb1,AAGGAAATTCGTGCAAAAAGC,1
Atm,AACCTGATTACAGCAAGCCAC,1
Lkb1,AAAGCACTTGTTTTAACGACG,1
Atm,AATTGTGTTGTCACAAAGATG,1
Cdkn2a,AATCCNGTTGTGGCAATCGCC,1
NT1,AAAGGGCTTTCGTAAAGGCAA,1
Lkb1,AACTGTGCTGCTACAAGAAGG,1
Rb1,AAGTATCTTCTCTCAACCGCG,1
Cdkn2a,AAACGCGTTCTGCGAAGAAAT,1
Arid1a,TACTCTTACGTAAAAGCAA,1
NT1,AAGGACATTTTCCCAAAAGGT,1
Neo1,AACTGATTTGAGTGAACCAAG,1
Lkb1,AACCAAATTGGGTAAAACGTA,1
p53,AAGGGGTCTAATCTAAGCTTC,1
Unknown Target,AACTGTGTTGCTACAAGAAGG,2
Rb1,AAGTNTTTTCNCGGAACAAAC,1
Neo2,AATCCCTATTTGCTAAAGCCAC,1
Unknown Target,AATNCGCTNNACNTAATGGGG,1
p53,AAACTGTTTTTGGCAAACGCA,1
Unknown Target,AANCCGCTTGCTATAAANNGC,1
Atm,AATACTATTCTCAGAAGAGTT,1
Rbm10,AATCTCTTTCTCGTAATCTTC,1
Setd2,AACCTCTTTATACCAACTCAG,1
Spike,NANTTTNTTTCNGGAATGCAG,1
Atm,ATAACTTTTGGTGAATCGTC,1
p53,AAGATGGTTGGGCCACTGTG,1
Unknown Target,AATCTNTTTNCATCAAATTNC,1
Rbm10,AACGACATTCCACGAACTTCA,1
Neo3,AACTGTTTGNAACCGCA,1
Rb1,AATACNCTTCACGTAANGGGG,1
Unknown Target,ANGGNGGTNGNGNAAACGCAT,1
Neo3,AAGACCGTTTCGCAAACTGAC,1
Neo1,AATGCCGTTTAATGAACTTCA,1
Keap1,AACGCTTTTATCTGAACAGGA,1
Arid1a,AAAGTAATTTGACGAAGCCTA,1
Neo2,AATACGATTTTCCGAACTCCC,1
Lkb1,AATCGGGTTCGGATAAGTTAG,1
NT1,AAAATCTTTTGGTAAAGCGCC,1
p53,AAAATCTTTGGCGGAATCCT,1
Cdkn2a,AAGAGCCTTTTGGAAATCCGA,1
Apc,AACCTCCTTCCCTAAATGCCA,1
Cdkn2a,AATAGGCTTTACGTAATCGTC,1
Cdkn2a,AAGGAGGTTGTGNAAACGCAT,1
Unknown Target,NATTNNATTNANTTAATNACAA,1
Rbm10,AAGCCCCTTCGAAAAATACTC,1
Rbm10,AAAGCTCTTGCCACAATCAAC,1
Atm,AAATTCATTTTGAAAGTGCA,1
Neo2,AAGGTGATTGGGCTAAACGGC,1
Atm,AATCAGGTTGTGGTAATGACT,1
Atm,AAGCTGCTTTCGAAAAAGGAC,1
NT1,AAGTGTATTTCGTCAACGATG,1
Arid1a,AACAACGTTACCCTAAACCGA,1
Rb1,AAGCTACTTGGGCGAAGAACC,4
Unknown Target,AAANAATTTNTNNNAAAANAA,1
NT1,AAACTTGTTGTTACAACAGAC,1
Rb1,AAGCCACTTCCAGCAACCCGC,1
Setd2,AAAACTTCAGGAAAACACT,1
p53,AAGTATCTTGACTNAATGGTG,1
Lkb1,AAGTATTTTACACCANCGCTC,3
Neo1,AAGCGTTTTTCACGAAACGCC,1
Neo1,AAACAAATTCTNAAAATTGAA,1
Neo1,AATGTGATTATGGTAATTCGC,1
Smad4,AACGGGGTTTCGCAAACCAGC,1
Apc,AAATTACTTCGGCAATGCGA,1
Rb1,AAATGCCTTCANGCA,1
NT1,AATAGCGTTCGTGAAAATCCT,1
Spike,AATCNTTTTCNATNAAATTGC,1
Rb1,AATTGCTTCTACTAACCAATA,1
Cdkn2a,NANGAGNTTGTGGAAACNCAT,1
Rb1,AATAATCTTTGAGGAACACTG,1
Lkb1,AACTGTGTTGCTACNNNNNNN,1
Neo3,AAACTATTTCTTGTAATTCCT,1
Cdkn2a,AAGGNNGTTGTGGAAACGCAT,1
Smad4,AAACAGGTTATGCCAAATTAG,1
Arid1a,AACATGGTTGCCGGAAGAGAG,1
Neo3,AAGCACCTTTTAGCAATTGAG,1
Apc,AAACTGGTTGTGGCAATTGTT,1
Neo1,AACTTCTTTGGTAGAATTAAT,1
p53,AAGACTCTTTTTGGAATCAGA,1
Neo1,AAACTACTTGTACAAAACTCA,1
Cdkn2a,AAAGAATTTCTCTNAANATAA,1
NT1,AACTAAATTGGTACAATCTTG,1
Neo2,AATGACTTTACGTGAATGCTC,1
Lkb1,AANCACNTTNNTTNAACTACA,1
Cdkn2a,AACTAAGTTGGAAGAATGGAT,1
Rb1,AAANGCCTTC,1
Unknown Target,AATCACCTTGCTTGAACTACA,2
Lkb1,AACTGTGTTGCNACAAGAAGG,1
Neo1,AACTTTTTTAAGATAACCTTA,1
Smad4,AACGGATTTCCTGGAACGTCA,1
p53,AAAACGTTTTTTGTAAGGAG,1
Rbm10,AAGTTTCTTGCCGAAAAGAGG,1
Unknown Target,CTCAATCGGC,1
NT1,AATGTCGTTTTNGCAAGATAG,1
Keap1,AAGAGGATTAGGACAACAGAN,1
Neo3,AAGGATTTTTCGTTAACCGCG,1
Lkb1,AATCACCTTGCTTGAACTGCA,2
Apc,AGGACGTTATCTCAATTAAG,1
Rb1,AACACCNTTATGGCAAGGCGG,1
Cdkn2a,ANAGAATTNCNCTGAAAATAA,1
Unknown Target,ANNTNTTTTGTGTAAANNTCC,1
Cdkn2a,AAAGAATTTCTCTGAAAATGA,2
Lkb1,AACCCAATTTCATCAATAATT,1
Lkb1,ANTCACCTTNNTTGAACTACA,1
Arid1a,AAAGCGCTT,1
Keap1,AACGTACTTAATGTAC,1
Arid1a,AAACGACTTACGAAAATCGGA,1
Neo1,AACACGATTATTCGAATACTA,1
Keap1,AAGATTTGCAACAAGTCAC,1
Setd2,AAGCCCCTTGTTCCAAGAAGG,1
Smad4,AACGGTCTTCATATAAGTGNC,1
Unknown Target,AAGTATCTTGACTTAATGGTG,1
Lkb1,AACTNTGTTGCTACAAGAANG,1
Setd2,AACTCCCTTGTCGCAACCGTC,1
Cdkn2a,AAAGAATTTCTCTGAGAATAA,1
Lkb1,AAGCCGGTTAGCTCAAGACCT,1
Neo1,AAAACCATTGGTATAAACGAG,1
Lkb1,AACATGATTGGGCCAACTCTC,1
Keap1,AACGCACTTGGGGCAACGAGG,1
Neo2,AAGACTTTTCAATGAATCACC,1
Lkb1,AATTCGATTTCAGTAATGGTC,1
Unknown Target,AAAAACCGA,1
Spike,AATCTTNTTCCANCAAATNGC,1
Rbm10,AACAGGCTTTGGTGAAACGGT,1
Apc,AAACGATTCCTGCAATAGGG,1
Arid1a,AAGTGACTTCCCGCAATCGGT,1
Atm,AACTTTCCGGAAATAATT,1
Unknown Target,GANTACNCTTNANGTAATGGGG,1
Lkb1,AACGCTATTTAACCAAGACCG,1
Rb1,ANTACGCTTCACGTAATGGGN,1
p53,AAGGTGATTTACCGAAGGAAC,1
Setd2,AAGCGCTTTCTATTAACAAAA,1
Spike,AANNCCNTTNTANNAATTTCA,1
Lkb1,AAGNGCTTTATTGAAAGTTCA,1
Lkb1,AACTGTGTTATCTTAACGTAC,1
Cdkn2a,ANCCATTTTCGGTTAATCAAG,1
Lkb1,ANTCACCTTGNTTGAACTACA,1
Unknown Target,AAAGACATTNCGACNAGNNNG,1
Rb1,AANCTCATTCGANGAACCTCG,1
Lkb1,AATCACNTTNCTTGAACTNCA,1
Keap1,AAACTACTTGGTCGAAGTGTT,1
Atm,AATATAGTTCGGCGAAGGACG,1
Lkb1,AAATGTGTTCCAGAAAAAAGA,1
Setd2,AACAATATTGCGGTAAGGGGG,1
Spike,AATCTTTTTCCATNAANTTNC,1
Spike,AAGNTTGTTTCGGGAATGCAG,1
Setd2,AATGGCCTTCTCTAAAATTTC,1
Atm,AACCGCCTTATAGTAATCATT,1
Cdkn2a,AACAGGCTTGCTTGAAGACTC,1
Rb1,AATCGTATTACTACAAGAGCC,1
Apc,AATTCCCTTCGAGGAACCGGT,1
Setd2,TTTTCAGAAAGAAG,1
Apc,AAACGATTTGTTAGAACTGGA,1
NT1,AAATTGCTTGCTGTGATAGGC,1
Cdkn2a,AAAGCTATTGGGAAAAAATTC,1
Smad4,AAGTTACTTGTACTAAGAGCA,1
Setd2,AAGTACCTTCTCCGAACTGTC,1
Unknown Target,GCTAGTTAGTAAACGACT,1
Smad4,AATTGTTTTCGGTAAAGATGT,1
Neo3,AATATTTTTTCTTTAAGGATA,1
Neo2,AAACCTATTGATCCAACCTTC,1
Cdkn2a,AACATCTTTGTGACAAGCATG,1
Smad4,AAGAAACTTTTGTTAAACAGA,1
Arid1a,AATGAGTTTCAGAAAAGTATC,1
Neo3,AAGATTCTTCGCTAAAACATC,1
Unknown Target,NATNTTTTTNNATNAAANTNC,1
NT1,AATACTTTTTTCCTAATGCTC,1
Unknown Target,AAGCAGATTNGGCAAANNAGA,1
Keap1,AAACGACTTAGCCGAATTACC,1
Arid1a,AACCCCTTTGCTTGAAGGGAG,1
Unknown Target,GTATTTTACACCAACGCTC,1
Neo2,AAACAGTTTCTTTCAAATGCCG,1
Cdkn2a,AAGGAGGNTGTGGAAACGCAN,1
Setd2,AATACTTGGCAANAACCGTT,1
Neo3,AAGCTCGTTGGGTGGAATTGT,1
Neo3,AATCGTTTTAGGACAATGCCT,1
Spike,AATCTTTTTCNATCAAATTNC,1
Unknown Target,NATCACCTTGCTTGAACTACA,1
Setd2,AATCTTCTTGACCTAACAGGT,1
Unknown Target,AAACGGCTATGCCCAAGAAGA,1
Keap1,AACCTGTTTTAAACAAAGGGG,1
Neo2,AATAGCGTTATGGAAATCCGT,1
Spike,AAGGTTGTTTCGGGAATGCAG,1
Lkb1,AANTATTTTACANCNACNCTC,1
Unknown Target,AANCNNNTTNNTTGAAC,1
Rb1,NATNCGCNTCACGTAATGGGG,1
Cdkn2a,AAAGAGTTTCTCTGAAAATAA,1
Rb1,AAATGCCTCC,1
Atm,AACATTATTGTACCAAAGGAC,1
Rb1,AATGAGGTTGTCGTAAAGAGG,1
Setd2,AATCTAGTTGTGTTAACAGGG,1
NT1,AAATTGNTTGCTGTAATAGNC,1
NT1,AAATTGCTTGNTGTAATAGGC,1
Atm,AATCACCTTATTGGAAAAGAG,2
Neo3,AAGGCTATTTTCAAAACATGT,1
Setd2,AAGTGTCTTAGGGTAACCGAT,1
Arid1a,AATCGGGATTGATTAAATGCG,1
Neo1,AACTGAGTTATATTAACTATT,1
Setd2,AACCCAATTCTAATAAGGACC,1
Neo3,AACCGCTTTGTGGGAAACATC,1
Atm,AATGTGGTTATCGGAACCAAT,1
Neo1,AATCTGGTTTACCTAATGGGG,1
Lkb1,AAAGCTTTTTACAGAACTCAT,1
Rb1,ANTACNCTTNNCNTAATGGGG,1
Unknown Target,ANGCGCGTTGTCGGAACAGCC,1
Smad4,AACCAGATTGCAGGAACGGAT,1
Arid1a,AAGCCTGTTTTTTGAAACACAG,1
Spike,AATNTTTTTNCATCAAATTGC,1
Smad4,AACACCGTTCGTTAAAATCTG,1
Unknown Target,NAAGAATTTCTNTGAAANTAA,1
Rb1,AAGCGCATTGCTGGAATNGTG,1
Apc,AANCNCATTCAGTCAAAGGAT,1
Neo3,AAAGNCANTATGGNNACGACC,1
Keap1,AAGCTTTTTCTCTAAACTCTC,1
Neo1,AAGAATCTTGTTTAAATGCAT,1
Smad4,AATTGTTTTCGGTAAGACGT,1
Apc,TGGTGTTGGTCGAACTCTC,1
Apc,AACTAAGTTAGGGTAATGCGG,1
Keap1,AATCTCATTCCAATAAGATCC,1
Keap1,AAATCAGTTCATCTAACTCGA,1
p53,AAGGGGTTTANTCTAAGCTTC,1
Neo3,AAGTCTTTTACGAGAAACACG,1
Lkb1,AAGTAGCTTTATTGAAACACA,1
NT1,AATCTAATTTAATTAAGCACC,1
Spike,AATCTNTTTCCATCAAATTGC,1
Unknown Target,AGGGCCTTACATCAATTCGTA,1
Keap1,AAGTCCCTTAGTCCAAGGGCC,1
Smad4,AAGTCCTTTGGAGGAAAGCGT,1
Neo2,AATCGCCTTTTCCAAAGCTCG,1
Setd2,AACACACTTTAAGTAATTAGT,1
Arid1a,AACCGTTTATACCAAGGGTC,1
Setd2,AAGTCAATTTTCCGAAGGCCT,1
p53,AAGTATNNTGACTTAATGGTG,1
NT1,AATCGNATTCTATTAATGAAC,1
Lkb1,AAACAGCTTTATCGAAGACCT,1
Neo1,AATGCCGTTTAATGAACTTNA,1
Neo3,AATCGAATTTCGAGAATGGAA,1
Lkb1,AACGGAGTTGTCAGAACTCGC,1
Keap1,AAGCATTTTCACCTAAGGGTC,1
Unknown Target,AANTNTCTTGGGCAAANANC,1
Spike,AATNTTTTTCNATCAAATNNC,1
p53,AAGAACATTACNCAAAATACT,1
Smad4,AGTTGTTTTCGGTAAAGACGT,1
Neo3,ANTCTTATTGCGACAACGAGC,1
Rbm10,AATTGTGTTTTGTTAACCTGG,1
Lkb1,AANNATTTTACACCAACGCNC,1
Rb1,ANGGGTTTCCGTGAATTCGA,1
Rb1,AATNATNTTTNAANAACACTG,1
p53,AAATAGGTTCAGGGAATTCAG,1
Rbm10,AACGGGGTTTCTGTAACCACC,1
Apc,AAGCCAATTATAAAAATTGGC,1
Neo2,AAGCTATTTGTGTCAACCGTA,1
p53,CTTTACAGAATCCCG,1
Setd2,AAGTCGTTTACGTCAAGGCTC,1
Unknown Target,AATANTCTTTNAAGAACACTG,1
Lkb1,AATCTCTTTCCCAAAAGCAAA,1
Neo2,AACGCTATTATGCCAATGGGA,1
Rbm10,AAGCTCATTACGATAACGATC,1
Unknown Target,ACCTGTTTGTCTGAACGGTG,1
Unknown Target,AANCANNTTNCTTNAANTANN,1
Neo2,AAGGTTGTTGNCGTAAGAACA,1
p53,AATGTATTTTGTACAAGGAAG,1
Rb1,AAATGCCCTC,1
Smad4,AATTCGATTCCGTCAACCCCG,1
Setd2,AAAATGGTTCGTATAAGATGG,1
Setd2,AAAGTGATTCCCATAATCGCT,2
Cdkn2a,AANGAGGTTGTNGAAACGCAN,1
Neo3,AAGACTGTTAGCCGAATGTTT,1
Setd2,AACCTTGTTGGCGCAAGGACA,1
Neo2,AAGTTCTTTGACTCAAGGTCC,1
NT1,AATATTGTTGGTGGAAACGGT,1
Atm,ATACCATTGCCCTAAACCCC,1
NT1,AAAGTTGTTGGTCCAAGGGCA,1
Lkb1,ANNTGTNTTGCTACAAGAAGG,1
Rb1,AAAGTGCTTGCAGGAA,1
Smad4,AATGTGTTTCGGGAAACGACG,1
Rb1,AAGCGGATTTCCCAAAAGGCC,1
Smad4,AATCATATTCGGATAAGGAAA,1
Neo3,AAGTTTTTTTCGACAATAATC,1
Lkb1,AATCACCTTGCTTGA,1
Cdkn2a,AAGGAGGTTGNGNNAACGCAT,1
Rb1,AATCGGCTTACGGAAAGAGCG,1
Atm,AATCACCTTNTTNGAAAAGAG,1
Apc,ACCGGTTTCAGGCAAGGAAA,1
Neo1,AACGGTGTTAAGGAAAACGAA,1
Smad4,AAGCTGNTTAACGGAACGGCC,1
Smad4,AAGGTGGTTCTCGTAAGCTTT,1
Atm,AACCTACTTGGGATAACCACGA,1
Cdkn2a,NAGGAGGTTGTNGAAACGCAT,1
Smad4,AAGCTCTTGGTTCAATTGAC,1
Atm,AAACTTCTTGGAGTAAAGATT,1
NT1,AACTANNTTAATCCAACAGTC,1
p53,AATCCCGTTAGTGCAACCGGT,1
Lkb1,AATTCCCTTACATCAAGAGTT,1
Neo1,AACTAACTTACATCAAGCACA,1
Keap1,AAGTCAGTTCGGCGAAGACGT,1
Unknown Target,TANNTGTGTNNCTANAANAAGG,1
Apc,AAGGGCTTTAATGCAATACGC,1
Spike,AATCTTTTTCNNTCANATTGC,1
Apc,AAGCGGCTTCTCAGAAGCAGC,1
Smad4,AATTGATTTCGGTAAAGACGT,1
Keap1,AAGTGGCTTGTTATAAA,1
Lkb1,ANNTGTGTTGCTACAANAAGG,1
Neo1,NACTCAATTGTGGCAAAGCCG,1
Keap1,AATGCGTTTACGTGAAGCCCC,1
Lkb1,AATNACCTTGNTTGAACTACA,1
Neo3,AATGAAGTTAAGATAACCAGT,1
Setd2,AAGCGCTTTACACGCAAATACA,1
Arid1a,AACAGCCTTGCGCGAAGGG,1
Spike,AATCTTNTTCCATCAAATNGC,1
Lkb1,ANGTATTTTACACNAACGCNN,1
Lkb1,AANTGTNTTGNTAAANAANAAGG,1
Lkb1,AATCACCTTGCNTGAACNNCA,1
Spike,AATCTTTNTCCATCAAATTGC,2
Lkb1,AAGTATTTTNCACCAANGCTC,1
Neo1,AATGCCGTTTAATNAACTTTA,1
p53,AAGGTTCTTCAGCAAAGTGAA,1
Unknown Target,AACTGTGTTNCTANAAGAAGG,1
Neo2,AAGCGGCTTGACCGAATCTAA,1
Spike,AATCTTTTTNCATNAAATTGC,1
Unknown Target,AAGACCGTTTGTTAAATCATA,1
Cdkn2a,AAGACATTTACCTAAATTAGG,1
Lkb1,AAATTTTTTCTTAGAAGTGTG,1
Cdkn2a,NAAGAATTTCTCTGAAAATAA,1
Neo2,AATGTCGTTTCCATAAGGACC,1
NT1,AATTCTTTTGGAATAATTGTG,1
Smad4,AATCGGCTTGCCGGAAGTATC,1
p53,AACGGTGTTTCTCGAAGTGCG,1
Neo2,AACGGGATTCAGCGAACCGCC,1
Smad4,AAGCCCATTCTATCAAGTTCA,1
Unknown Target,ATGGACTTGGTGTAAAAGGG,1
Neo3,AATGAAGTTGTCCAAATCCAG,1
Smad4,AATAATATTATCACAAAGCTG,1
NT1,AATATACTTACATTAATCGTT,1
Spike,ANTCTTTTTCCNNCAAATTGC,1
Spike,AACGCCGTNCTAGGAATTTCA,1
Neo3,AAGCCCGTTCGCGGAAGATCG,1
Apc,AATTCCCTAACGCAA,1
Smad4,AATTTATTTGTGAGAATTACA,1
Rb1,AAGTGTATTTTTCCAAGAAAC,1
Spike,AATCTTNTTCNATCANATTGC,1
Neo1,AAGCGTCTTGATAGAAGCGGA,1
Unknown Target,AGCCGTTTCGCGAAAAGGGG,1
Smad4,AATTGNTNTCGGTAAAGACGT,1
NT1,AATGGCTTTAGGCGAAAATCG,1
Neo3,AATAACCTTGTTGCAACTGTA,1
NT1,AATATGCTTAACGTAAGTTTC,1
Unknown Target,AGCGGGTTCACTTAAGCGTC,1
Cdkn2a,AAGNTTNTTTCTCCAATCAAC,1
NT1,AATATTATTATTTCAATGGCT,1
Neo2,AACCGTTTTCAGGCAAACCCC,1
Lkb1,AAGTATTTTACACCAACGCAC,1
Lkb1,AAGTATTTTACACCA,1
Neo2,AATCCGCTTGATCGAACCACG,1
Atm,AAGAATATTTAGGAAAATATC,1
Keap1,AATGACATTCCGCCAAATGCG,1
Rbm10,AAAGCTTTTCGGAAAATCATC,1
p53,AACAGATTTTAGGGAACTAT,1
Rb1,AAATGTCTTC,1
Lkb1,AATCACCTCGCTTGAACTACA,1
Neo2,AAGGGTCTTAAAGAAACTGGA,1
Unknown Target,GAACCCAGTCCCTTAATCCAC,1
Lkb1,AAGTATTTTACANCAACGCTC,1
Unknown Target,AANNCNNTTNANNNAANGGGG,1
Keap1,AAAAGATTTCCAAAAAGGGCA,1
Apc,AAATCGATTCTCGCAATTGGC,1
Apc,AAAATCGTTATTCGAACTCTA,1
Neo3,AAGGCTGTTGTTTAAAGAGAG,1
Neo3,AAGCCTTTTCGTAAAATTAAA,1
p53,AATCTGGTTTCGTCAAGCCGC,1
Cdkn2a,AACCCCGTTCAATGAACAGGG,1
Smad4,AATTGTTTTCAGTAAAGACGT,1
Cdkn2a,AACTAGCTTTATTCAAAGGGG,1
Neo2,AATTCACTTGTCTAAAACGAC,1
Rb1,AAACGCCTTC,1
Rbm10,AAAGTGGTTCGCACAAATGTG,1
Rbm10,AATGTTCTTGCATCAAATGCG,1
Unknown Target,AATCANGTTCGNGGAAANGNT,1
Cdkn2a,AAATTTTTTTTTGCAATTCCT,1
Rb1,AATGGAGTTCCCGAAAACCCT,1
Neo3,AAGGTTCTTCAGCCAATTTCC,1
Atm,AACGACCTTGACCTAACCACA,1
p53,AAGGCGGTTTCGGTAAGTCGA,1
Setd2,AACGGTCTTCGTTTAANCGGA,1
Rb1,AAATNCCTTC,1
Unknown Target,ACGAACCGAA,1
Rb1,AAGTTCATTTCTCAACAGAT,1
Arid1a,AAGGCGTTTGTCTTAATGGCT,1
Apc,AATACGGTTCTTCCAATATCA,1
p53,AAGAGCGTTCTCGGAAAGCGG,1
Smad4,AAGCGCGTTGCGTCAAGACCC,1
Arid1a,AAGGCCGTTGTATAAACGCCG,1
Rb1,AANNCNNTTNACNTAANGGGG,1
Cdkn2a,AAGGAGGTTGTNGAGACGCAT,1
Neo1,AATAAGTTTTAACCAAATCTC,1
Apc,AAGGTGTTCTGGTAAGTCAAT,1
Cdkn2a,AAGGAGGTTGTGGAAANGCAT,1
Lkb1,ANCTGTGTTNCTACAAGAAGG,1
Lkb1,NANCACCTTGCTNNAACNACA,1
Rbm10,AAGTCAGTTTAGGTAAAACTG,1
NT1,AACTGGATTATTTCAAATATT,1
Lkb1,AATTCAATTGTTGGAACATCC,1
Unknown Target,AANNGGNTTTGNAGAAACNCN,1
Neo1,AAGAATTTTGCGCAAAGGGTA,1
Unknown Target,AANCNTNTTATTNAAAGACCC,1
p53,AAGCGTGTTCTACAAATCCTT,1
Cdkn2a,AACTGGCTTCTGGAAATAGGC,1
Apc,AAGGAGTTGCCCGAACGGGCC,1
Neo3,AATATCTTTACTGAAATCGTG,1
Rb1,AAGCTTCCTGAAAGGATG,1
NT1,AAAGTTCTTGTTGCAAGTTTT,1
Lkb1,AAGTGTGTTGTGAGAAAAATT,1
Smad4,AAAACTCTTCTCTTAACGCTC,1
p53,AAACGTCTTGATAGAACAACG,1
Rb1,AATTGAATTTGGCCAATGGGC,1
Lkb1,TACTGTGTTGCTACAAGAAGG,1
Cdkn2a,ANAGAATTTNTCTGAAAATAA,1
Keap1,AAATCTTTTTTTGCAAACATC,1
Neo3,AATCAGCTTCCCGCAAATACC,1
Spike,AATCTTTTTCCATNAAATTGC,1
Atm,AATCGACTTGAACAAAACGAC,1
Lkb1,AAAACAGTTCATGGAACAATT,1
p53,AAGACGGTTCGCTGAACAAAT,1
Unknown Target,AAAGAATTTNTCTGAAAANAA,1
NT1,AATTGCGTTCATTCAAAGGGA,1
Rbm10,AACACTCTTATAACAATAGCG,1
Unknown Target,ANGGTANTTTCGCTAACGCAC,1
Unknown Target,ANTCTTTTTCCATCAANNTNN,1
Atm,AAAAGGTTTGATACAAAATAG,1
Keap1,AAATACGTTCCCACAATACTC,1
Arid1a,AAGTGGCTTTATACAAGTCAT,1
Rb1,AAGTGTTTCTACGAAGGGTC,1
Unknown Target,AANNNNTTTCNNTGAAAATAA,1
Smad4,AAAGCTTTTATCAAAAACTTC,1
Unknown Target,AACAATGTTCTGCGAACTTACA,1
Neo3,AATNCCGTTAGCATAAGTCCC,1
Atm,AATTGTATTGNTAGAATTCCA,1
Lkb1,AATCNCCTTGCTTGAACNACA,1
Smad4,AAGTCGTTTGAAGAAACGCTC,1
Lkb1,AATCANCTTGNTTGNACTACA,1
Neo1,AATGCCGTTTAATGGACTTTA,1
Lkb1,AACTTCGTTGGACAAAGCGTG,1
p53,AAATCCCTTTCAAAAACTGTC,1
Arid1a,AAGTATTTTAGTCGAAGAGGT,1
Lkb1,AATCGGGTTCAACTAAAGATA,1
Rb1,AATTTTGTTCGAGCAATAGCC,1
Lkb1,AAGCAACTTGTGGTAACGAGT,1
Neo2,AAGCCGTTTTGGGTAACTGCG,1
Setd2,AACCTCATTGGCCAAATAAGC,1
Lkb1,AANCANCTTGNNTGAACNNNT,1
Neo3,AAGCGCGTTATTGAAAGAGGA,1
Neo1,AAGTCGTTTCGATAAAACAGG,1
Lkb1,AATTATGTTTAAGCAAGCTGA,1
Rb1,AAGGAGCTCCACACAAGGGCC,1
Cdkn2a,AAGGAGGTTGTGGNAACGCAT,1
Apc,AAGGCATTTTCTTGAATGTAC,1
Apc,AACCTTGTTCAGGAAAGGGTA,1
Apc,AATATGTTTACTCGAACCTCG,1
Neo2,AAGTGGCTTTGTCGAAGGACG,1
